model,price,year,km,color,country
Model S,36999.0,2019,116000,Blanco,España
Model S,59900.0,2017,56000,Blanco,España
Model S,36999.0,2019,116000,Blanco,España
Model S,59900.0,2017,56000,Blanco,España
Model S,84900.0,2023,13000,Blanco,España
Model S,89900.0,2023,16000,Blanco,España
Model S,55900.0,2020,52000,Blanco,España
Model S,65000.0,2020,84000,Blanco,España
Model S,39000.0,2020,127000,Blanco,España
Model S,25000.0,2017,258000,Blanco,España
Model S,25999.0,2017,260000,Blanco,España
Model S,40500.0,2020,110000,Blanco,España
Model S,21500.0,2015,292785,Blanco,España
Model S,55900.0,2020,76800,Granate,España
Model S,37000.0,2017,61000,Granate,España
Model S,29500.0,2017,211000,Gris/Plata,España
Model S,29990.0,2017,159000,Gris/Plata,España
Model S,46500.0,2019,37500,Gris/Plata,España
Model S,39900.0,2018,94000,Gris/Plata,España
Model S,29990.0,2017,159000,Gris/Plata,España
Model S,45000.0,2017,49000,Gris/Plata,España
Model S,25990.0,2014,140000,Gris/Plata,España
Model S,78990.0,2023,39980,Gris/Plata,España
Model S,39900.0,2018,79000,Gris/Plata,España
Model S,34610.0,2018,96553,Negro,España
Model S,56990.0,2020,66056,Negro,España
Model S,51990.0,2020,94000,Negro,España
Model S,34610.0,2018,96553,Negro,España
Model S,22900.0,2017,121000,Rojo,España
Model S,24900.0,2017,184000,Rojo,España
Model S,38900.0,2019,39000,Rojo,España
Model S,21990.0,2014,233000,Rojo,España
Model 3,22999.0,2020,99000,Blanco,España
Model 3,28000.0,2020,72000,Blanco,España
Model 3,33200.0,2021,47566,Blanco,España
Model 3,33998.0,2022,57525,Blanco,España
Model 3,31900.0,2022,65672,Blanco,España
Model 3,32990.0,2021,63776,Blanco,España
Model 3,39999.0,2023,9500,Blanco,España
Model 3,44900.0,2024,16700,Granate,España
Model 3,44900.0,2024,16700,Granate,España
Model 3,29990.0,2021,86300,Granate,España
Model 3,37990.0,2023,12,Gris/Plata,España
Model 3,37990.0,2023,12,Gris/Plata,España
Model 3,24860.0,2020,28650,Gris/Plata,España
Model 3,38390.0,2023,55852,Gris/Plata,España
Model 3,32490.0,2019,23832,Gris/Plata,España
Model 3,41500.0,2022,29458,Gris/Plata,España
Model 3,26890.0,2020,38000,Gris/Plata,España
Model 3,37990.0,2020,74862,Gris/Plata,España
Model 3,19990.0,2019,135000,Gris/Plata,España
Model 3,37990.0,2023,12,Gris/Plata,España
Model 3,37990.0,2023,12,Gris/Plata,España
Model S,36999.0,2019,116000,Blanco,España
Model S,59900.0,2017,56000,Blanco,España
Model S,36999.0,2019,116000,Blanco,España
Model S,59900.0,2017,56000,Blanco,España
Model S,84900.0,2023,13000,Blanco,España
Model S,55900.0,2020,76800,Granate,España
Model S,37000.0,2017,61000,Granate,España
Model S,29990.0,2017,159000,Gris/Plata,España
Model S,46500.0,2019,37500,Gris/Plata,España
Model S,29500.0,2017,211000,Gris/Plata,España
Model S,39900.0,2018,94000,Gris/Plata,España
Model S,29990.0,2017,159000,Gris/Plata,España
Model S,45000.0,2017,49000,Gris/Plata,España
Model S,25990.0,2014,140000,Gris/Plata,España
Model S,78990.0,2023,39980,Gris/Plata,España
Model S,39900.0,2018,79000,Gris/Plata,España
Model S,46500.0,2019,37500,Gris/Plata,España
Model S,79900.0,2022,15000,Gris/Plata,España
Model S,47900.0,2018,40000,Gris/Plata,España
Model S,26900.0,2018,134000,Gris/Plata,España
Model S,46500.0,2019,37500,Gris/Plata,España
Model S,34610.0,2018,96553,Negro,España
Model S,34610.0,2018,96553,Negro,España
Model S,56990.0,2020,66056,Negro,España
Model S,51990.0,2020,94000,Negro,España
Model S,22900.0,2017,121000,Rojo,España
Model S,24900.0,2017,184000,Rojo,España
Model S,38900.0,2019,39000,Rojo,España
Model S,21990.0,2014,233000,Rojo,España
Model S,74990.0,2023,29000,Rojo,España
Model S,35500.0,2018,148000,Rojo,España
Model S,44990.0,2018,98500,Rojo,España
Model S,23700.0,2017,195000,Rojo,España
Model S,17800.0,2014,203000,Rojo,España
Model 3,31820.0,2022,30797,Blanco,España
Model 3,28990.0,2019,169800,Blanco,España
Model 3,26990.0,2020,138000,Blanco,España
Model 3,28000.0,2020,72000,Blanco,España
Model 3,44900.0,2024,16700,Granate,España
Model 3,44900.0,2024,16700,Granate,España
Model 3,29990.0,2021,86300,Granate,España
Model 3,32490.0,2019,23832,Gris/Plata,España
Model 3,26900.0,2020,95000,Gris/Plata,España
Model 3,37990.0,2023,12,Gris/Plata,España
Model 3,26990.0,2020,97000,Gris/Plata,España
Model 3,38390.0,2023,55852,Gris/Plata,España
Model 3,41500.0,2022,29458,Gris/Plata,España
Model 3,26890.0,2020,38000,Gris/Plata,España
Model 3,37990.0,2020,74862,Gris/Plata,España
Model 3,19990.0,2019,135000,Gris/Plata,España
Model 3,37990.0,2023,12,Gris/Plata,España
Model 3,37990.0,2023,12,Gris/Plata,España
Model 3,38390.0,2023,55852,Gris/Plata,España
Model 3,24850.0,2020,128000,Gris/Plata,España
Model 3,33950.0,2021,33340,Negro,España
Model 3,35500.0,2022,44580,Negro,España
Model 3,36900.0,2021,53000,Negro,España
Model 3,21999.0,2020,99000,Negro,España
Model 3,26000.0,2019,114000,Negro,España
Model 3,26990.0,2020,166000,Negro,España
Model 3,29890.0,2021,68000,Negro,España
Model 3,36900.0,2021,32000,Negro,España
Model 3,24990.0,2019,164000,Negro,España
Model 3,29990.0,2020,60000,Rojo,España
Model 3,32000.0,2020,88000,Rojo,España
Model 3,27980.0,2019,61500,Rojo,España
Model 3,28999.0,2020,70000,Rojo,España
Model 3,29900.0,2019,61046,Rojo,España
Model 3,29990.0,2020,60000,Rojo,España
Model 3,29900.0,2019,61046,Rojo,España
Model 3,32990.0,2022,39398,Rojo,España
Model 3,26490.0,2020,49990,Rojo,España
Model 3,27000.0,2019,127150,Rojo,España
Model x,58790.0,2020,34162,Blanco,España
Model x,54990.0,2019,85000,Blanco,España
Model x,55990.0,2019,85000,Blanco,España
Model x,58790.0,2020,34162,Blanco,España
Model x,34990.0,2017,99000,Gris/Plata,España
Model x,54900.0,2021,58000,Gris/Plata,España
Model x,41000.0,2017,35000,Gris/Plata,España
Model x,82900.0,2023,17000,Gris/Plata,España
Model x,82900.0,2023,17000,Gris/Plata,España
Model x,34890.0,2018,55000,Gris/Plata,España
Model x,51000.0,2019,80000,Gris/Plata,España
Model x,54900.0,2021,58000,Gris/Plata,España
Model x,84900.0,2023,10000,Negro,España
Model x,47500.0,2019,117000,Negro,España
Model x,59900.0,2019,54500,Negro,España
Model x,48000.0,2018,83000,Negro,España
Model x,33900.0,2018,219000,Negro,España
Model x,42900.0,2018,165000,Negro,España
Model x,44900.0,2017,129200,Negro,España
Model x,37500.0,2019,79000,Negro,España
Model x,56890.0,2018,43815,Negro,España
Model x,56890.0,2018,43815,Negro,España
Model x,35000.0,2017,82000,Negro,España
Model x,57995.0,2018,119000,Negro,España
Model x,54900.0,2020,145000,Negro,España
Model x,41990.0,2020,180000,Negro,España
Model x,49995.0,2018,88281,Negro,España
Model x,36900.0,2017,90900,Negro,España
Model x,89900.0,2023,10000,Negro,España
Model x,31900.0,2017,200000,Negro,España
Model x,49900.0,2017,133500,Negro,España
Model x,40900.0,2019,114000,Negro,España
Model x,55000.0,2019,120000,Negro,España
Model x,49950.0,2017,90000,Negro,España
Model x,54900.0,2020,93000,Rojo,España
Model x,54900.0,2020,93000,Rojo,España
Model x,38500.0,2017,130000,Rojo,España
Model Y,31400.0,2022,72000,Blanco,España
Model Y,42900.0,2023,45000,Blanco,España
Model Y,39900.0,2023,46686,Blanco,España
Model Y,41900.0,2022,51900,Blanco,España
Model Y,46990.0,2024,7925,Blanco,España
Model Y,33500.0,2023,45000,Blanco,España
Model Y,46990.0,2024,7925,Blanco,España
Model Y,46990.0,2024,7925,Blanco,España
Model Y,39000.0,2023,25000,Blanco,España
Model Y,47000.0,2024,3500,Blanco,España
Model Y,14900.0,2023,3200,Blanco,España
Model Y,35250.0,2023,29000,Blanco,España
Model Y,34300.0,2022,29000,Blanco,España
Model Y,39990.0,2023,85000,Blanco,España
Model Y,39850.0,2021,48000,Blanco,España
Model Y,40300.0,2023,20200,Blanco,España
Model Y,38900.0,2023,69200,Blanco,España
Model Y,36000.0,2023,41146,Blanco,España
Model Y,46000.0,2022,33000,Blanco,España
Model Y,31400.0,2022,72000,Blanco,España
Model Y,34500.0,2024,29000,Blanco,España
Model Y,34997.0,2022,27200,Blanco,España
Model Y,34990.0,2023,35000,Blanco,España
Model Y,34900.0,2022,69000,Blanco,España
Model Y,36200.0,2022,29000,Blanco,España
Model Y,39990.0,2023,38000,Blanco,España
Model Y,50900.0,2024,2500,Blanco,España
Model Y,50900.0,2024,2200,Blanco,España
Model Y,48000.0,2022,33500,Blanco,España
Model Y,36000.0,2023,41000,Blanco,España
Model Y,50900.0,2024,5000,Gris/Plata,España
Model Y,50900.0,2024,5000,Gris/Plata,España
Model Y,43000.0,2023,36000,Gris/Plata,España
Model Y,37900.0,2023,43500,Gris/Plata,España
Model Y,49999.0,2023,57717,Gris/Plata,España
Model Y,40500.0,2022,62000,Negro,España
Model Y,36500.0,2024,10778,Negro,España
Model Y,35250.0,2022,36413,Negro,España
Model Y,44900.0,2023,89000,Negro,España
Model Y,34990.0,2022,28400,Negro,España
Model Y,40500.0,2022,62000,Negro,España
Model Y,35250.0,2022,36413,Negro,España
Model Y,33420.0,2021,96000,Rojo,España
Model S,42000.0,2020,58000,Azul,España
Model S,42000.0,2020,58000,Azul,España
Model S,35000.0,2017,220000,Azul,España
Model S,34900.0,2020,142000,Azul,España
Model S,25990.0,2015,98000,Azul,España
Model S,23900.0,2014,250000,Azul,España
Model S,24990.0,2016,155000,Azul,España
Model S,28999.0,2018,178000,Azul,España
Model S,38890.0,2019,89831,Azul,España
Model S,34500.0,2017,85000,Azul,España
Model S,41995.0,2018,60000,Azul,España
Model S,42900.0,2020,109900,Azul,España
Model S,39000.0,2019,109000,Azul,España
Model S,23000.0,2014,485000,Azul,España
Model Y,49995.0,2023,25700,Azul,España
Model Y,49995.0,2023,25700,Azul,España
Model Y,35475.0,2021,63000,Azul,España
Model Y,30000.0,2021,10200,Azul,España
Model 3,19990.0,2019,139000,Azul,España
Model 3,27990.0,2020,45063,Azul,España
Model 3,32890.0,2020,65090,Azul,España
Model 3,25750.0,2020,125000,Azul,España
Model 3,26500.0,2019,68000,Azul,España
Model 3,28490.0,2020,47479,Azul,España
Model 3,26490.0,2019,81803,Azul,España
Model 3,42500.0,2024,2490,Azul,España
Model 3,26500.0,2019,105000,Azul,España
Model 3,32890.0,2020,65090,Azul,España
Model 3,25990.0,2022,63000,Azul,España
Model 3,34990.0,2021,65000,Azul,España
Model 3,29000.0,2021,113800,Azul,España
Model 3,25850.0,2021,93000,Azul,España
Model 3,25850.0,2021,93000,Azul,España
Model 3,28990.0,2019,39413,Azul,España
Model 3,29790.0,2022,57671,Azul,España
Model 3,27950.0,2022,57000,Azul,España
Model 3,27950.0,2022,57000,Azul,España
Model 3,27850.0,2022,65000,Azul,España
Model 3,27850.0,2022,65000,Azul,España
Model 3,27850.0,2021,54000,Azul,España
Model 3,32900.0,2019,60400,Azul,España
Model 3,23500.0,2019,76000,Azul,España
Model 3,29700.0,2020,21318,Azul,España
Model 3,29990.0,2019,78000,Azul,España
Model 3,21500.0,2020,129446,Azul,España
Model 3,24000.0,2019,137183,Azul,España
Model 3,27490.0,2020,127000,Azul,España
Model 3,24999.0,2019,108000,Azul,España
Model 3,36500.0,2022,19700,Azul,España
Model 3,25940.0,2019,124839,Azul,España
Model 3,37990.0,2022,25000,Azul,España
Model 3,35500.0,2021,63000,Azul,España
Model 3,31900.0,2020,57000,Azul,España
Model 3,25000.0,2019,53000,Azul,España
Model 3,22999.0,2019,114000,Azul,España
Model 3,37900.0,2021,155000,Azul,España
Model 3,37000.0,2022,60000,Azul,España
Model 3,25000.0,2019,74000,Azul,España
Model 3,24000.0,2019,137183,Azul,España
Model 3,21499.0,2020,128500,Azul,España
Model x,34900.0,2017,240000,Azul,España
Model x,37900.0,2017,74000,Azul,España
Model x,34900.0,2017,240000,Azul,España
Model x,49999.0,2020,35000,Azul,España
Model x,40000.0,2019,175000,Azul,España
Model x,49990.0,2017,70000,Azul,España
Model x,49900.0,2020,38000,Azul,España
Model S,36999.0,2019,116000,Blanco,España
Model S,59900.0,2017,56000,Blanco,España
Model S,36999.0,2019,116000,Blanco,España
Model S,59900.0,2017,56000,Blanco,España
Model S,84900.0,2023,13000,Blanco,España
Model S,89900.0,2023,16000,Blanco,España
Model S,55900.0,2020,52000,Blanco,España
Model S,65000.0,2020,84000,Blanco,España
Model S,39000.0,2020,127000,Blanco,España
Model S,25000.0,2017,258000,Blanco,España
Model S,25999.0,2017,260000,Blanco,España
Model S,40500.0,2020,110000,Blanco,España
Model S,21500.0,2015,292785,Blanco,España
Model S,55900.0,2020,76800,Granate,España
Model S,37000.0,2017,61000,Granate,España
Model S,29500.0,2017,211000,Gris/Plata,España
Model S,29990.0,2017,159000,Gris/Plata,España
Model S,46500.0,2019,37500,Gris/Plata,España
Model S,39900.0,2018,94000,Gris/Plata,España
Model S,29990.0,2017,159000,Gris/Plata,España
Model S,45000.0,2017,49000,Gris/Plata,España
Model S,25990.0,2014,140000,Gris/Plata,España
Model S,78990.0,2023,39980,Gris/Plata,España
Model S,39900.0,2018,79000,Gris/Plata,España
Model S,34610.0,2018,96553,Negro,España
Model S,56990.0,2020,66056,Negro,España
Model S,51990.0,2020,94000,Negro,España
Model S,34610.0,2018,96553,Negro,España
Model S,22900.0,2017,121000,Rojo,España
Model S,24900.0,2017,184000,Rojo,España
Model S,38900.0,2019,39000,Rojo,España
Model S,21990.0,2014,233000,Rojo,España
Model 3,22999.0,2020,99000,Blanco,España
Model 3,28000.0,2020,72000,Blanco,España
Model 3,33200.0,2021,47566,Blanco,España
Model 3,33998.0,2022,57525,Blanco,España
Model 3,31900.0,2022,65672,Blanco,España
Model 3,32990.0,2021,63776,Blanco,España
Model 3,39999.0,2023,9500,Blanco,España
Model 3,44900.0,2024,16700,Granate,España
Model 3,44900.0,2024,16700,Granate,España
Model 3,29990.0,2021,86300,Granate,España
Model 3,37990.0,2023,12,Gris/Plata,España
Model 3,37990.0,2023,12,Gris/Plata,España
Model 3,24860.0,2020,28650,Gris/Plata,España
Model 3,38390.0,2023,55852,Gris/Plata,España
Model 3,32490.0,2019,23832,Gris/Plata,España
Model 3,41500.0,2022,29458,Gris/Plata,España
Model 3,26890.0,2020,38000,Gris/Plata,España
Model 3,37990.0,2020,74862,Gris/Plata,España
Model 3,19990.0,2019,135000,Gris/Plata,España
Model 3,37990.0,2023,12,Gris/Plata,España
Model 3,37990.0,2023,12,Gris/Plata,España
Model S,36999.0,2019,116000,Blanco,España
Model S,59900.0,2017,56000,Blanco,España
Model S,36999.0,2019,116000,Blanco,España
Model S,59900.0,2017,56000,Blanco,España
Model S,84900.0,2023,13000,Blanco,España
Model S,55900.0,2020,76800,Granate,España
Model S,37000.0,2017,61000,Granate,España
Model S,29990.0,2017,159000,Gris/Plata,España
Model S,46500.0,2019,37500,Gris/Plata,España
Model S,29500.0,2017,211000,Gris/Plata,España
Model S,39900.0,2018,94000,Gris/Plata,España
Model S,29990.0,2017,159000,Gris/Plata,España
Model S,45000.0,2017,49000,Gris/Plata,España
Model S,25990.0,2014,140000,Gris/Plata,España
Model S,78990.0,2023,39980,Gris/Plata,España
Model S,39900.0,2018,79000,Gris/Plata,España
Model S,46500.0,2019,37500,Gris/Plata,España
Model S,79900.0,2022,15000,Gris/Plata,España
Model S,47900.0,2018,40000,Gris/Plata,España
Model S,26900.0,2018,134000,Gris/Plata,España
Model S,46500.0,2019,37500,Gris/Plata,España
Model S,34610.0,2018,96553,Negro,España
Model S,34610.0,2018,96553,Negro,España
Model S,56990.0,2020,66056,Negro,España
Model S,51990.0,2020,94000,Negro,España
Model S,22900.0,2017,121000,Rojo,España
Model S,24900.0,2017,184000,Rojo,España
Model S,38900.0,2019,39000,Rojo,España
Model S,21990.0,2014,233000,Rojo,España
Model S,74990.0,2023,29000,Rojo,España
Model S,35500.0,2018,148000,Rojo,España
Model S,44990.0,2018,98500,Rojo,España
Model S,23700.0,2017,195000,Rojo,España
Model S,17800.0,2014,203000,Rojo,España
Model 3,31820.0,2022,30797,Blanco,España
Model 3,28990.0,2019,169800,Blanco,España
Model 3,26990.0,2020,138000,Blanco,España
Model 3,28000.0,2020,72000,Blanco,España
Model 3,44900.0,2024,16700,Granate,España
Model 3,44900.0,2024,16700,Granate,España
Model 3,29990.0,2021,86300,Granate,España
Model 3,32490.0,2019,23832,Gris/Plata,España
Model 3,26900.0,2020,95000,Gris/Plata,España
Model 3,37990.0,2023,12,Gris/Plata,España
Model 3,26990.0,2020,97000,Gris/Plata,España
Model 3,38390.0,2023,55852,Gris/Plata,España
Model 3,41500.0,2022,29458,Gris/Plata,España
Model 3,26890.0,2020,38000,Gris/Plata,España
Model 3,37990.0,2020,74862,Gris/Plata,España
Model 3,19990.0,2019,135000,Gris/Plata,España
Model 3,37990.0,2023,12,Gris/Plata,España
Model 3,37990.0,2023,12,Gris/Plata,España
Model 3,38390.0,2023,55852,Gris/Plata,España
Model 3,24850.0,2020,128000,Gris/Plata,España
Model 3,33950.0,2021,33340,Negro,España
Model 3,35500.0,2022,44580,Negro,España
Model 3,36900.0,2021,53000,Negro,España
Model 3,21999.0,2020,99000,Negro,España
Model 3,26000.0,2019,114000,Negro,España
Model 3,26990.0,2020,166000,Negro,España
Model 3,29890.0,2021,68000,Negro,España
Model 3,36900.0,2021,32000,Negro,España
Model 3,24990.0,2019,164000,Negro,España
Model 3,29990.0,2020,60000,Rojo,España
Model 3,32000.0,2020,88000,Rojo,España
Model 3,27980.0,2019,61500,Rojo,España
Model 3,28999.0,2020,70000,Rojo,España
Model 3,29900.0,2019,61046,Rojo,España
Model 3,29990.0,2020,60000,Rojo,España
Model 3,29900.0,2019,61046,Rojo,España
Model 3,32990.0,2022,39398,Rojo,España
Model 3,26490.0,2020,49990,Rojo,España
Model 3,27000.0,2019,127150,Rojo,España
Model x,58790.0,2020,34162,Blanco,España
Model x,54990.0,2019,85000,Blanco,España
Model x,55990.0,2019,85000,Blanco,España
Model x,58790.0,2020,34162,Blanco,España
Model x,34990.0,2017,99000,Gris/Plata,España
Model x,54900.0,2021,58000,Gris/Plata,España
Model x,41000.0,2017,35000,Gris/Plata,España
Model x,82900.0,2023,17000,Gris/Plata,España
Model x,82900.0,2023,17000,Gris/Plata,España
Model x,34890.0,2018,55000,Gris/Plata,España
Model x,51000.0,2019,80000,Gris/Plata,España
Model x,54900.0,2021,58000,Gris/Plata,España
Model x,84900.0,2023,10000,Negro,España
Model x,47500.0,2019,117000,Negro,España
Model x,59900.0,2019,54500,Negro,España
Model x,48000.0,2018,83000,Negro,España
Model x,33900.0,2018,219000,Negro,España
Model x,42900.0,2018,165000,Negro,España
Model x,44900.0,2017,129200,Negro,España
Model x,37500.0,2019,79000,Negro,España
Model x,56890.0,2018,43815,Negro,España
Model x,56890.0,2018,43815,Negro,España
Model x,35000.0,2017,82000,Negro,España
Model x,57995.0,2018,119000,Negro,España
Model x,54900.0,2020,145000,Negro,España
Model x,41990.0,2020,180000,Negro,España
Model x,49995.0,2018,88281,Negro,España
Model x,36900.0,2017,90900,Negro,España
Model x,89900.0,2023,10000,Negro,España
Model x,31900.0,2017,200000,Negro,España
Model x,49900.0,2017,133500,Negro,España
Model x,40900.0,2019,114000,Negro,España
Model x,55000.0,2019,120000,Negro,España
Model x,49950.0,2017,90000,Negro,España
Model x,54900.0,2020,93000,Rojo,España
Model x,54900.0,2020,93000,Rojo,España
Model x,38500.0,2017,130000,Rojo,España
Model Y,31400.0,2022,72000,Blanco,España
Model Y,42900.0,2023,45000,Blanco,España
Model Y,39900.0,2023,46686,Blanco,España
Model Y,41900.0,2022,51900,Blanco,España
Model Y,46990.0,2024,7925,Blanco,España
Model Y,33500.0,2023,45000,Blanco,España
Model Y,46990.0,2024,7925,Blanco,España
Model Y,46990.0,2024,7925,Blanco,España
Model Y,39000.0,2023,25000,Blanco,España
Model Y,47000.0,2024,3500,Blanco,España
Model Y,14900.0,2023,3200,Blanco,España
Model Y,35250.0,2023,29000,Blanco,España
Model Y,34300.0,2022,29000,Blanco,España
Model Y,39990.0,2023,85000,Blanco,España
Model Y,39850.0,2021,48000,Blanco,España
Model Y,40300.0,2023,20200,Blanco,España
Model Y,38900.0,2023,69200,Blanco,España
Model Y,36000.0,2023,41146,Blanco,España
Model Y,46000.0,2022,33000,Blanco,España
Model Y,31400.0,2022,72000,Blanco,España
Model Y,34500.0,2024,29000,Blanco,España
Model Y,34997.0,2022,27200,Blanco,España
Model Y,34990.0,2023,35000,Blanco,España
Model Y,34900.0,2022,69000,Blanco,España
Model Y,36200.0,2022,29000,Blanco,España
Model Y,39990.0,2023,38000,Blanco,España
Model Y,50900.0,2024,2500,Blanco,España
Model Y,50900.0,2024,2200,Blanco,España
Model Y,48000.0,2022,33500,Blanco,España
Model Y,36000.0,2023,41000,Blanco,España
Model Y,50900.0,2024,5000,Gris/Plata,España
Model Y,50900.0,2024,5000,Gris/Plata,España
Model Y,43000.0,2023,36000,Gris/Plata,España
Model Y,37900.0,2023,43500,Gris/Plata,España
Model Y,49999.0,2023,57717,Gris/Plata,España
Model Y,40500.0,2022,62000,Negro,España
Model Y,36500.0,2024,10778,Negro,España
Model Y,35250.0,2022,36413,Negro,España
Model Y,44900.0,2023,89000,Negro,España
Model Y,34990.0,2022,28400,Negro,España
Model Y,40500.0,2022,62000,Negro,España
Model Y,35250.0,2022,36413,Negro,España
Model Y,33420.0,2021,96000,Rojo,España
Model S,42000.0,2020,58000,Azul,España
Model S,42000.0,2020,58000,Azul,España
Model S,35000.0,2017,220000,Azul,España
Model S,34900.0,2020,142000,Azul,España
Model S,25990.0,2015,98000,Azul,España
Model S,23900.0,2014,250000,Azul,España
Model S,24990.0,2016,155000,Azul,España
Model S,28999.0,2018,178000,Azul,España
Model S,38890.0,2019,89831,Azul,España
Model S,34500.0,2017,85000,Azul,España
Model S,41995.0,2018,60000,Azul,España
Model S,42900.0,2020,109900,Azul,España
Model S,39000.0,2019,109000,Azul,España
Model S,23000.0,2014,485000,Azul,España
Model Y,49995.0,2023,25700,Azul,España
Model Y,49995.0,2023,25700,Azul,España
Model Y,35475.0,2021,63000,Azul,España
Model Y,30000.0,2021,10200,Azul,España
Model 3,19990.0,2019,139000,Azul,España
Model 3,27990.0,2020,45063,Azul,España
Model 3,32890.0,2020,65090,Azul,España
Model 3,25750.0,2020,125000,Azul,España
Model 3,26500.0,2019,68000,Azul,España
Model 3,28490.0,2020,47479,Azul,España
Model 3,26490.0,2019,81803,Azul,España
Model 3,42500.0,2024,2490,Azul,España
Model 3,26500.0,2019,105000,Azul,España
Model 3,32890.0,2020,65090,Azul,España
Model 3,25990.0,2022,63000,Azul,España
Model 3,34990.0,2021,65000,Azul,España
Model 3,29000.0,2021,113800,Azul,España
Model 3,25850.0,2021,93000,Azul,España
Model 3,25850.0,2021,93000,Azul,España
Model 3,28990.0,2019,39413,Azul,España
Model 3,29790.0,2022,57671,Azul,España
Model 3,27950.0,2022,57000,Azul,España
Model 3,27950.0,2022,57000,Azul,España
Model 3,27850.0,2022,65000,Azul,España
Model 3,27850.0,2022,65000,Azul,España
Model 3,27850.0,2021,54000,Azul,España
Model 3,32900.0,2019,60400,Azul,España
Model 3,23500.0,2019,76000,Azul,España
Model 3,29700.0,2020,21318,Azul,España
Model 3,29990.0,2019,78000,Azul,España
Model 3,21500.0,2020,129446,Azul,España
Model 3,24000.0,2019,137183,Azul,España
Model 3,27490.0,2020,127000,Azul,España
Model 3,24999.0,2019,108000,Azul,España
Model 3,36500.0,2022,19700,Azul,España
Model 3,25940.0,2019,124839,Azul,España
Model 3,37990.0,2022,25000,Azul,España
Model 3,35500.0,2021,63000,Azul,España
Model 3,31900.0,2020,57000,Azul,España
Model 3,25000.0,2019,53000,Azul,España
Model 3,22999.0,2019,114000,Azul,España
Model 3,37900.0,2021,155000,Azul,España
Model 3,37000.0,2022,60000,Azul,España
Model 3,25000.0,2019,74000,Azul,España
Model 3,24000.0,2019,137183,Azul,España
Model 3,21499.0,2020,128500,Azul,España
Model x,34900.0,2017,240000,Azul,España
Model x,37900.0,2017,74000,Azul,España
Model x,34900.0,2017,240000,Azul,España
Model x,49999.0,2020,35000,Azul,España
Model x,40000.0,2019,175000,Azul,España
Model x,49990.0,2017,70000,Azul,España
Model x,49900.0,2020,38000,Azul,España
Model 3,38390.0,2023,55852,Gris,España
Model 3,36995.0,2023,10000,Gris,España
Model 3,21750.0,2019,98000,Gris,España
Model 3,36500.0,2021,46500,Gris,España
Model 3,37490.0,2021,58431,Gris,España
Model 3,32490.0,2019,23832,Gris,España
Model 3,32300.0,2022,49990,Gris,España
Model 3,36900.0,2021,59990,Gris,España
Model 3,36000.0,2022,55000,Gris,España
Model 3,34500.0,2019,109000,Gris,España
Model 3,27990.0,2020,97000,Gris,España
Model 3,27499.0,2022,107000,Gris,España
Model 3,29115.0,2021,69000,Gris,España
Model 3,27700.0,2019,84000,Gris,España
Model 3,34000.0,2022,54000,Gris,España
Model 3,35000.0,2021,65500,Gris,España
Model 3,30000.0,2020,145000,Gris,España
Model 3,28700.0,2022,90000,Gris,España
Model 3,32000.0,2020,70000,Gris,España
Model 3,28900.0,2019,145000,Gris,España
Model 3,34500.0,2020,70000,Gris,España
Model 3,31400.0,2019,60048,Negro,España
Model 3,31600.0,2022,15291,Negro,España
Model 3,33200.0,2021,79681,Rojo,España
Model 3,34100.0,2021,57523,Rojo,España
Model 3,34900.0,2021,76959,Negro,España
Model 3,35100.0,2023,39315,Blanco,España
Model 3,35300.0,2021,53081,Rojo,España
Model 3,35900.0,2021,63771,Gris/Plata,España
Model 3,35900.0,2021,26090,Rojo,España
Model 3,36300.0,2021,42191,Negro,España
Model 3,36700.0,2024,1817,Blanco,España
Model 3,37000.0,2024,21,Blanco,España
Model 3,37100.0,2022,30168,Rojo,España
Model 3,37300.0,2024,676,Blanco,España
Model 3,37500.0,2024,17,Blanco,España
Model 3,39600.0,2020,40205,Negro,España
Model 3,47700.0,2023,29445,Blanco,España
Model 3,50100.0,2023,18395,Rojo,España
Model Y,40500.0,2024,12146,Gris/Plata,España
Model Y,46800.0,2023,48582,Negro,España
Model S,29100.0,2018,117456,Negro,España
Model S,28600.0,2018,127132,Negro,Francia
Model S,28400.0,2018,116251,Negro,Francia
Model S,33500.0,2018,70614,Negro,España
Model S,34200.0,2018,68302,Negro,España
Model S,39200.0,2018,92202,Negro,Francia
Model S,38500.0,2018,84325,Negro,Francia
Model S,39000.0,2018,91227,Negro,Francia
Model S,42000.0,2019,102621,Negro,Francia
Model S,44000.0,2019,96688,Blanco,Francia
Model S,44500.0,2019,99838,Negro,Francia
Model S,46500.0,2019,56744,Plata,Francia
Model S,44700.0,2019,90274,Rojo,Francia
Model S,47000.0,2019,88817,Plata,Francia
Model S,53500.0,2020,96181,Azul,Francia
Model S,55550.0,2020,58870,Azul,Francia
Model S,79500.0,2023,13178,Blanco,España
Model S,80600.0,2023,12410,Negro,España
Model S,81700.0,2023,36085,Blanco,España
Model S,82010.0,2023,2497,Blanco,España
Model S,83500.0,2023,8276,Negro,España
Model S,84070.0,2023,3414,Blanco,Francia
Model S,84400.0,2023,6300,Blanco,España
Model S,86500.0,2023,3269,Rojo,España
Model S,87400.0,2023,15040,Blanco,España
Model S,87410.0,2024,5165,Negro,Francia
Model S,88990.0,2023,6196,Azul,España
Model S,89450.0,2024,1063,Azul,Francia
Model S,89900.0,2023,27477,Negro,Francia
Model S,90450.0,2024,710,Blanco,Francia
Model S,90610.0,2024,792,Azul,España
Model S,90770.0,2024,551,Negro,España
Model S,91500.0,2024,879,Gris,España
Model S,92030.0,2024,28,Gris,España
Model S,92380.0,2024,31,Negro,Francia
Model S,95225.0,2024,6465,Blanco,Portugal
Model S,96325.0,2024,22,Rojo,Portugal
Model S,98875.0,2023,1035,Blanco,Portugal
Model S,99600.0,2023,503,Blanco,España
Model S,101360.0,2024,5313,Rojo,Francia
Model S,101480.0,2024,3652,Negro,España
Model S,102270.0,2023,0,Blanco,España
Model S,102280.0,2023,1011,Negro,Francia
Model S,102540.0,2023,1700,Negro,España
Model S,102580.0,2024,0,Gris,España
Model S,102710.0,2024,21,Rojo,Francia
Model S,103525.0,2023,0,Negro,Portugal
Model S,110380.0,2024,541,Negro,Francia
Model S,115290.0,2024,25,Blanco,Francia
Model S,115490.0,2024,18,Gris,Francia
Model S,115680.0,2024,21,Azul,España
Model S,115835.0,2024,3197,Rojo,Portugal
Model S,115925.0,2024,17,Blanco,Portugal
Model S,116120.0,2024,26,Gris,Francia
Model S,117100.0,2024,20,Gris,España
Model 3,25100.0,2019,141692,Negro,Francia
Model 3,26900.0,2020,45691,Azul,Francia
Model 3,27900.0,2019,72649,Negro,Francia
Model 3,28800.0,2020,54847,Plata,Francia
Model 3,28500.0,2020,94337,Blanco,Francia
Model 3,29500.0,2020,68845,Negro,Francia
Model 3,29600.0,2021,136792,Blanco,Francia
Model 3,29800.0,2019,65352,Negro,Francia
Model 3,30100.0,2021,40244,Negro,Francia
Model 3,30200.0,2020,56115,Negro,Francia
Model 3,30800.0,2020,53808,Negro,Francia
Model 3,30800.0,2020,52917,Negro,Francia
Model 3,31000.0,2019,45587,Negro,Francia
Model 3,31200.0,2019,35858,Negro,Francia
Model 3,31300.0,2021,103272,Negro,Francia
Model 3,31300.0,2021,106571,Negro,Francia
Model 3,31300.0,2020,49251,Negro,Francia
Model 3,31400.0,2019,60048,Negro,España
Model 3,31600.0,2022,15290,Negro,España
Model 3,31600.0,2020,61733,Negro,Francia
Model 3,31500.0,2021,79887,Negro,Francia
Model 3,31700.0,2020,46586,Negro,Francia
Model 3,32200.0,2020,44365,Negro,Francia
Model 3,32200.0,2019,63570,Negro,Francia
Model 3,32300.0,2020,55927,Negro,Francia
Model 3,32400.0,2021,91051,Negro,Francia
Model 3,32900.0,2020,81783,Negro,Portugal
Model 3,33100.0,2020,63684,Negro,Francia
Model 3,33200.0,2021,79681,Negro,España
Model 3,33300.0,2020,65224,Negro,Francia
Model 3,33700.0,2021,76126,Negro,Francia
Model 3,33700.0,2021,88254,Negro,Francia
Model 3,34100.0,2021,57522,Negro,España
Model 3,34500.0,2020,40623,Blanco,Francia
Model 3,34870.0,2019,51506,Negro,Francia
Model 3,34900.0,2021,76956,Negro,España
Model 3,35100.0,2023,39315,Negro,España
Model 3,35200.0,2020,111567,Negro,Francia
Model 3,35300.0,2021,53081,Blanco,España
Model 3,35700.0,2023,26036,Negro,Francia
Model 3,35700.0,2021,64707,Negro,Francia
Model 3,35800.0,2021,90951,Blanco,Francia
Model 3,35900.0,2021,26089,Blanco,España
Model 3,35900.0,2021,63769,Negro,España
Model 3,36000.0,2020,38031,Blanco,Francia
Model 3,36270.0,2024,6562,Azul,España
Model 3,36300.0,2021,42189,Blanco,España
Model 3,36470.0,2025,0,Blanco,España
Model 3,36470.0,2024,5580,Azul,España
Model 3,36700.0,2024,1817,Blanco,España
Model 3,39200.0,2020,30295,Negro,Francia
Model 3,37000.0,2024,21,Blanco,España
Model 3,37000.0,2020,22191,Negro,Francia
Model 3,37100.0,2022,30168,Negro,España
Model 3,35900.0,2021,42177,Negro,Francia
Model 3,37300.0,2024,676,Blanco,España
Model 3,37300.0,2024,692,Blanco,España
Model 3,37310.0,2024,5656,Negro,España
Model 3,37500.0,2024,14,Blanco,España
Model 3,37520.0,2025,0,Blanco,España
Model 3,37770.0,2025,0,Azul,España
Model 3,37700.0,2023,28589,Negro,Francia
Model 3,37900.0,2022,20049,Negro,España
Model 3,38070.0,2025,0,Blanco,España
Model 3,38070.0,2024,12,Blanco,España
Model 3,38400.0,2023,36843,Negro,Francia
Model 3,38470.0,2024,3351,Gris,España
Model 3,38475.0,2025,0,Azul,Portugal
Model 3,38820.0,2025,0,Azul,España
Model 3,38870.0,2025,0,Blanco,España
Model 3,39120.0,2025,0,Azul,España
Model 3,39370.0,2025,0,Azul,España
Model 3,39370.0,2024,12,Azul,España
Model 3,39420.0,2025,12,Blanco,España
Model 3,39420.0,2024,0,Blanco,España
Model 3,39520.0,2025,0,Rojo,España
Model 3,39600.0,2020,40205,Blanco,España
Model 3,39675.0,2025,10,Azul,Portugal
Model 3,39675.0,2024,0,Azul,Portugal
Model 3,39700.0,2021,43763,Negro,Francia
Model 3,39825.0,2025,0,Azul,Portugal
Model 3,40080.0,2024,13,Azul,Francia
Model 3,40175.0,2025,0,Azul,Portugal
Model 3,40200.0,2021,31909,Blanco,Francia
Model 3,40700.0,2024,757,Azul,Francia
Model 3,41050.0,2024,15,Negro,Francia
Model 3,41170.0,2024,21,Azul,Francia
Model 3,41180.0,2025,0,Blanco,Francia
Model 3,41290.0,2024,14,Negro,Francia
Model 3,41340.0,2025,0,Blanco,Francia
Model 3,41460.0,2024,15,Azul,Francia
Model 3,41460.0,2024,29,Azul,Francia
Model 3,41460.0,2024,2629,Azul,Francia
Model 3,41470.0,2025,0,Blanco,España
Model 3,41570.0,2024,2309,Gris,Francia
Model 3,41760.0,2024,166,Negro,Francia
Model 3,41870.0,2024,52,Rojo,Francia
Model 3,41900.0,2024,10,Rojo,Francia
Model 3,41995.0,2024,5229,Negro,Portugal
Model 3,42020.0,2024,15,Rojo,Francia
Model 3,42160.0,2024,12,Negro,Francia
Model 3,42175.0,2025,10,Blanco,Portugal
Model 3,42370.0,2025,0,Blanco,Francia
Model 3,42480.0,2025,0,Negro,Francia
Model 3,42500.0,2024,353,Rojo,España
Model 3,42530.0,2025,0,Blanco,Francia
Model 3,42640.0,2024,10,Gris,Francia
Model 3,42770.0,2025,0,Negro,España
Model 3,43020.0,2024,23,Rojo,Francia
Model 3,43140.0,2024,12,Rojo,Francia
Model 3,43180.0,2025,0,Rojo,Francia
Model 3,43290.0,2024,12,Rojo,Francia
Model 3,43475.0,2025,0,Gris,Portugal
Model 3,43875.0,2025,0,Blanco,Portugal
Model 3,44025.0,2024,9,Blanco,Portugal
Model 3,44175.0,2025,0,Rojo,Portugal
Model 3,44325.0,2025,0,Rojo,Portugal
Model 3,44370.0,2025,9,Negro,España
Model 3,44675.0,2025,10,Rojo,Portugal
Model 3,44675.0,2024,12,Rojo,Portugal
Model 3,43900.0,2023,14886,Negro,Portugal
Model 3,44900.0,2023,31004,Negro,Francia
Model 3,45140.0,2025,13,Blanco,Francia
Model 3,45980.0,2024,2204,Blanco,España
Model 3,39000.0,2023,24197,Negro,Francia
Model 3,46290.0,2025,0,Negro,Francia
Model 3,46410.0,2025,536,Gris,Francia
Model 3,46500.0,2024,15795,Gris,España
Model 3,46620.0,2025,326,Gris,Francia
Model 3,46940.0,2024,4790,Blanco,España
Model 3,47015.0,2025,10,Azul,Portugal
Model 3,47240.0,2024,6399,Blanco,Francia
Model 3,47275.0,2025,0,Negro,Portugal
Model 3,47400.0,2023,12996,Negro,Francia
Model 3,47430.0,2024,11,Negro,Francia
Model 3,47510.0,2024,5616,Blanco,Francia
Model 3,47580.0,2024,13,Azul,Francia
Model 3,47650.0,2024,2051,Rojo,España
Model 3,47700.0,2023,29444,Negro,España
Model 3,48335.0,2025,87,Blanco,Portugal
Model 3,48340.0,2024,223,Blanco,España
Model 3,48360.0,2024,13,Negro,España
Model 3,48475.0,2025,99,Gris,Portugal
Model 3,48570.0,2024,223,Negro,España
Model 3,46600.0,2022,19834,Negro,Portugal
Model 3,48640.0,2024,15,Blanco,Francia
Model 3,48760.0,2025,0,Blanco,España
Model 3,48975.0,2025,0,Negro,Portugal
Model 3,49060.0,2024,25,Azul,España
Model 3,49385.0,2024,7172,Azul,Portugal
Model 3,49810.0,2025,0,Blanco,España
Model 3,49930.0,2024,440,Blanco,España
Model 3,49980.0,2024,10,Azul,Francia
Model 3,49990.0,2025,0,Blanco,Francia
Model 3,49990.0,2024,3362,Azul,España
Model 3,50060.0,2025,0,Negro,España
Model 3,50090.0,2025,10,Negro,Francia
Model 3,50100.0,2023,18379,Negro,España
Model 3,50110.0,2025,0,Blanco,España
Model 3,50190.0,2024,1412,Azul,Francia
Model 3,50225.0,2024,9327,Negro,Portugal
Model 3,50360.0,2025,0,Blanco,España
Model 3,50430.0,2024,13,Rojo,Francia
Model 3,50600.0,2024,15,Azul,Francia
Model 3,50875.0,2025,9,Rojo,Portugal
Model 3,50975.0,2025,9,Blanco,Portugal
Model 3,51110.0,2025,0,Azul,España
Model 3,51110.0,2024,15,Azul,España
Model 3,51160.0,2025,0,Blanco,España
Model 3,51180.0,2025,0,Blanco,Francia
Model 3,51290.0,2025,0,Gris,Francia
Model 3,51290.0,2024,10,Gris,Francia
Model 3,51325.0,2025,0,Blanco,Portugal
Model 3,51340.0,2025,0,Blanco,Francia
Model 3,51410.0,2025,0,Blanco,España
Model 3,51410.0,2024,13,Gris,España
Model 3,51560.0,2024,70,Rojo,Francia
Model 3,51580.0,2024,10,Rojo,Francia
Model 3,51600.0,2024,0,Rojo,Francia
Model 3,51660.0,2025,0,Negro,España
Model 3,51660.0,2025,10,Azul,España
Model 3,51675.0,2025,0,Blanco,Portugal
Model 3,51710.0,2025,0,Blanco,España
Model 3,51810.0,2024,0,Rojo,España
Model 3,51990.0,2024,0,Rojo,Francia
Model 3,52110.0,2025,12,Rojo,España
Model 3,52170.0,2024,13,Blanco,Francia
Model 3,52300.0,2024,3543,Blanco,España
Model 3,52360.0,2025,0,Rojo,España
Model 3,52360.0,2024,10,Rojo,España
Model 3,52370.0,2024,0,Blanco,Francia
Model 3,52460.0,2024,20,Blanco,España
Model 3,52475.0,2025,10,Negro,Portugal
Model 3,52475.0,2024,15,Azul,Portugal
Model 3,52480.0,2025,0,Negro,Francia
Model 3,52480.0,2025,10,Azul,Francia
Model 3,52525.0,2025,10,Blanco,Portugal
Model 3,52530.0,2025,0,Blanco,Francia
Model 3,52600.0,2024,15,Rojo,Francia
Model 3,52625.0,2025,10,Gris,Portugal
Model 3,52640.0,2025,0,Negro,Francia
Model 3,52875.0,2024,13,Blanco,Portugal
Model 3,52975.0,2025,9,Gris,Portugal
Model 3,52975.0,2025,10,Azul,Portugal
Model 3,53010.0,2024,0,Azul,España
Model 3,53020.0,2024,10,Rojo,Francia
Model 3,53025.0,2025,0,Blanco,Portugal
Model 3,53175.0,2024,0,Rojo,Portugal
Model 3,53180.0,2025,0,Rojo,Francia
Model 3,53340.0,2025,0,Rojo,Francia
Model 3,53830.0,2024,0,Azul,Francia
Model 3,53900.0,2024,15,Rojo,Francia
Model 3,54325.0,2024,10,Azul,Portugal
Model 3,54660.0,2024,3853,Negro,España
Model 3,54930.0,2024,3325,Gris,España
Model 3,55190.0,2024,2192,Rojo,Francia
Model 3,55390.0,2024,1726,Negro,España
Model 3,55720.0,2024,12,Rojo,Francia
Model 3,55775.0,2024,12,Rojo,Portugal
Model 3,56020.0,2024,13,Gris,España
Model 3,56420.0,2024,10,Gris,España
Model 3,56425.0,2024,10,Gris,Portugal
Model 3,56440.0,2024,10,Gris,Francia
Model 3,56920.0,2024,12,Blanco,Francia
Model 3,57490.0,2025,0,Blanco,Francia
Model 3,58470.0,2025,10,Blanco,España
Model 3,58470.0,2024,0,Blanco,España
Model 3,58475.0,2025,10,Blanco,Portugal
Model 3,58475.0,2024,13,Blanco,Portugal
Model 3,58680.0,2024,0,Blanco,Francia
Model 3,58790.0,2025,0,Azul,Francia
Model 3,58790.0,2025,9,Negro,Francia
Model 3,58790.0,2025,10,Negro,Francia
Model 3,59340.0,2024,12,Rojo,Francia
Model 3,59490.0,2025,11,Rojo,Francia
Model 3,59490.0,2024,24,Rojo,Francia
Model 3,59675.0,2025,0,Blanco,Portugal
Model 3,59675.0,2024,11,Blanco,Portugal
Model 3,59770.0,2025,0,Azul,España
Model 3,59980.0,2025,0,Negro,Francia
Model 3,60680.0,2024,17,Rojo,Francia
Model 3,60820.0,2025,0,Negro,España
Model 3,60975.0,2025,0,Negro,Portugal
Model 3,60975.0,2025,10,Azul,Portugal
Model 3,61675.0,2024,0,Rojo,Portugal
Model 3,62275.0,2024,12,Blanco,Portugal
Model 3,62590.0,2024,10,Negro,Francia
Model 3,62590.0,2024,19,Azul,Francia
Model 3,64480.0,2024,11,Rojo,Francia
Model 3,65975.0,2024,12,Blanco,Portugal
Model x,43200.0,2018,91833,Plata,Francia
Model x,39500.0,2018,124003,Plata,Francia
Model x,44200.0,2019,114328,Azul,Francia
Model x,44500.0,2019,115609,Plata,Francia
Model x,48500.0,2019,75286,Plata,Francia
Model x,49000.0,2019,98188,Plata,Francia
Model x,49900.0,2018,52351,Plata,Francia
Model x,51400.0,2019,84586,Plata,Francia
Model x,51800.0,2019,95034,Negro,Francia
Model x,52000.0,2018,108044,Azul,España
Model x,53800.0,2019,64177,Plata,Francia
Model x,54000.0,2020,53949,Blanco,Francia
Model x,55000.0,2019,59026,Negro,Francia
Model x,55500.0,2020,91785,Blanco,Francia
Model x,56000.0,2019,55363,Plata,Francia
Model x,57000.0,2020,59115,Plata,Francia
Model x,58000.0,2019,64984,Plata,Portugal
Model x,83500.0,2023,15035,Blanco,España
Model x,84000.0,2023,20759,Negro,España
Model x,84500.0,2023,11765,Negro,España
Model x,84500.0,2023,16910,Negro,España
Model x,86500.0,2023,21472,Plata,España
Model x,87600.0,2023,20073,Blanco,España
Model x,91210.0,2023,1703,Azul,España
Model x,96120.0,2024,3632,Blanco,España
Model x,97375.0,2023,3525,Blanco,Portugal
Model x,94000.0,2023,12384,Plata,Francia
Model x,99990.0,2024,23,Blanco,Francia
Model x,100580.0,2024,5519,Blanco,España
Model x,100860.0,2024,3945,Negro,España
Model x,101230.0,2024,953,Blanco,España
Model x,102820.0,2024,4378,Negro,España
Model x,102840.0,2023,1405,Blanco,España
Model x,103050.0,2024,18,Negro,Francia
Model x,104370.0,2023,31,Blanco,España
Model x,105010.0,2024,194,Gris,España
Model x,106270.0,2024,33,Blanco,España
Model x,106445.0,2024,31,Azul,Portugal
Model x,106855.0,2023,14782,Azul,Portugal
Model x,107210.0,2023,3253,Blanco,España
Model x,108075.0,2023,34,Negro,Portugal
Model x,108190.0,2024,49,Negro,Francia
Model x,109200.0,2024,26,Rojo,Francia
Model x,109290.0,2023,86,Plata,Francia
Model x,110100.0,2024,3063,Negro,España
Model x,110370.0,2024,20,Negro,España
Model x,111370.0,2024,17,Rojo,España
Model x,111670.0,2024,59,Blanco,España
Model x,112490.0,2024,0,Blanco,Francia
Model x,112575.0,2024,20,Negro,Portugal
Model x,112770.0,2024,0,Negro,España
Model x,112770.0,2024,20,Azul,España
Model x,113500.0,2024,401,Azul,Francia
Model x,113530.0,2024,197,Rojo,Francia
Model x,113570.0,2024,0,Blanco,España
Model x,113575.0,2024,17,Rojo,Portugal
Model x,113770.0,2024,28,Gris,España
Model x,114050.0,2024,32,Gris,España
Model x,114670.0,2024,0,Blanco,España
Model x,114770.0,2024,31,Rojo,España
Model x,115075.0,2024,0,Negro,Portugal
Model x,115075.0,2024,20,Azul,Portugal
Model x,115290.0,2024,20,Negro,Francia
Model x,115725.0,2024,0,Blanco,Portugal
Model x,115825.0,2023,116,Azul,Portugal
Model x,116075.0,2024,28,Gris,Portugal
Model x,116170.0,2023,0,Negro,España
Model x,116665.0,2024,25,Rojo,Portugal
Model x,116925.0,2024,0,Blanco,Portugal
Model x,117075.0,2024,31,Rojo,Portugal
Model x,117090.0,2023,26,Plata,Francia
Model x,117270.0,2024,26,Rojo,España
Model x,117590.0,2024,20,Gris,Francia
Model x,118690.0,2023,23,Negro,Francia
Model x,118690.0,2023,60,Azul,Francia
Model x,119525.0,2024,26,Rojo,Portugal
Model x,120270.0,2024,25,Rojo,España
Model x,120425.0,2023,26,Plata,Portugal
Model x,120670.0,2024,17,Rojo,España
Model x,121870.0,2024,0,Blanco,España
Model x,122025.0,2023,25,Negro,Portugal
Model x,123025.0,2024,17,Rojo,Portugal
Model x,123925.0,2024,0,Blanco,Portugal
Model x,124890.0,2023,31,Azul,Francia
Model x,126525.0,2024,31,Rojo,Portugal
Model x,126870.0,2024,0,Rojo,España
Model x,129025.0,2024,0,Rojo,Portugal
Model Y,38500.0,2022,43516,Plata,Francia
Model Y,41475.0,2025,0,Blanco,Portugal
Model Y,41475.0,2024,4,Blanco,Portugal
Model Y,42025.0,2024,5432,Blanco,Portugal
Model Y,42180.0,2025,4,Blanco,Francia
Model Y,42290.0,2025,4,Negro,Francia
Model Y,42555.0,2025,0,Blanco,Portugal
Model Y,42605.0,2024,3749,Blanco,Portugal
Model Y,42645.0,2025,0,Azul,Portugal
Model Y,42645.0,2024,9,Azul,Portugal
Model Y,42750.0,2024,5950,Negro,España
Model Y,43090.0,2025,4,Blanco,Francia
Model Y,43100.0,2022,71294,Azul,Francia
Model Y,43440.0,2024,2798,Negro,España
Model Y,41600.0,2022,31021,Negro,Portugal
Model Y,43640.0,2025,5,Negro,Francia
Model Y,43640.0,2024,0,Negro,Francia
Model Y,43725.0,2025,5,Negro,Portugal
Model Y,43900.0,2022,35338,Blanco,Portugal
Model Y,44000.0,2022,54383,Blanco,Portugal
Model Y,44260.0,2025,0,Blanco,España
Model Y,44280.0,2025,0,Blanco,Francia
Model Y,44390.0,2025,4,Negro,Francia
Model Y,44490.0,2024,6282,Blanco,España
Model Y,44590.0,2024,6998,Azul,España
Model Y,44715.0,2025,5,Negro,Portugal
Model Y,44715.0,2024,0,Azul,Portugal
Model Y,44970.0,2024,5091,Negro,España
Model Y,45400.0,2023,10713,Rojo,Francia
Model Y,45500.0,2022,36306,Plata,Portugal
Model Y,45540.0,2024,8099,Blanco,España
Model Y,45560.0,2025,0,Azul,España
Model Y,45560.0,2024,7996,Blanco,España
Model Y,45630.0,2024,3,Blanco,Francia
Model Y,45750.0,2024,1317,Blanco,España
Model Y,45795.0,2024,0,Azul,Portugal
Model Y,45795.0,2024,16,Azul,Portugal
Model Y,45935.0,2024,7,Negro,Portugal
Model Y,45990.0,2024,5128,Azul,España
Model Y,46115.0,2024,12,Rojo,Portugal
Model Y,46495.0,2025,4,Blanco,Portugal
Model Y,46500.0,2022,31967,Blanco,Portugal
Model Y,46500.0,2022,32157,Blanco,Portugal
Model Y,46790.0,2024,1011,Rojo,España
Model Y,46800.0,2023,48582,Negro,España
Model Y,46830.0,2024,4075,Rojo,España
Model Y,46930.0,2024,1991,Blanco,España
Model Y,46990.0,2025,0,Blanco,Francia
Model Y,47000.0,2022,28496,Blanco,Portugal
Model Y,47000.0,2022,28755,Blanco,Portugal
Model Y,47080.0,2024,3293,Rojo,España
Model Y,47580.0,2024,4462,Blanco,España
Model Y,47660.0,2025,4,Azul,España
Model Y,47850.0,2024,0,Negro,Francia
Model Y,47990.0,2025,0,Blanco,Francia
Model Y,48110.0,2023,7085,Blanco,España
Model Y,48180.0,2025,4,Blanco,Francia
Model Y,48210.0,2024,2376,Blanco,España
Model Y,48210.0,2024,2946,Rojo,España
Model Y,48800.0,2023,11184,Negro,Francia
Model Y,48800.0,2022,20423,Blanco,Francia
Model Y,48895.0,2023,5218,Blanco,Portugal
Model Y,49040.0,2023,2036,Blanco,España
Model Y,49160.0,2025,2,Blanco,España
Model Y,49180.0,2025,0,Blanco,Francia
Model Y,49180.0,2024,6,Blanco,Francia
Model Y,49230.0,2024,5,Blanco,Francia
Model Y,49290.0,2025,0,Azul,Francia
Model Y,49290.0,2024,4,Negro,Francia
Model Y,49290.0,2024,145,Negro,Francia
Model Y,49300.0,2024,3169,Rojo,Francia
Model Y,49340.0,2025,0,Blanco,Francia
Model Y,49340.0,2024,4,Blanco,Francia
Model Y,49410.0,2025,0,Azul,España
Model Y,49790.0,2024,211,Blanco,España
Model Y,49830.0,2024,26,Blanco,España
Model Y,49840.0,2024,400,Blanco,España
Model Y,49890.0,2024,7,Negro,Francia
Model Y,49975.0,2025,4,Blanco,Portugal
Model Y,49995.0,2023,5887,Azul,Portugal
Model Y,50090.0,2025,0,Blanco,Francia
Model Y,50160.0,2024,9,Negro,España
Model Y,50375.0,2025,0,Blanco,Portugal
Model Y,50480.0,2025,0,Negro,Francia
Model Y,50500.0,2024,4041,Rojo,España
Model Y,50530.0,2025,0,Blanco,Francia
Model Y,50530.0,2024,4,Blanco,Francia
Model Y,50560.0,2024,3179,Blanco,España
Model Y,50600.0,2022,14953,Negro,Francia
Model Y,50640.0,2025,0,Negro,Francia
Model Y,50875.0,2024,6214,Blanco,Portugal
Model Y,50940.0,2025,2,Rojo,Francia
Model Y,51020.0,2024,2501,Azul,España
Model Y,51280.0,2025,0,Blanco,Francia
Model Y,51390.0,2025,0,Negro,Francia
Model Y,51390.0,2025,2,Azul,Francia
Model Y,51405.0,2024,2545,Negro,Portugal
Model Y,51420.0,2024,2857,Azul,España
Model Y,51440.0,2025,0,Blanco,Francia
Model Y,51515.0,2025,0,Blanco,Portugal
Model Y,51655.0,2025,4,Blanco,Portugal
Model Y,51655.0,2024,0,Blanco,Portugal
Model Y,51655.0,2024,12,Blanco,Portugal
Model Y,51740.0,2025,4,Negro,Francia
Model Y,51760.0,2025,0,Blanco,España
Model Y,51830.0,2025,2,Negro,Francia
Model Y,52550.0,2024,1520,Negro,España
Model Y,52580.0,2025,0,Negro,Francia
Model Y,52580.0,2024,7,Negro,Francia
Model Y,52625.0,2025,0,Azul,Portugal
Model Y,52630.0,2024,7,Blanco,Francia
Model Y,52635.0,2024,3709,Azul,Portugal
Model Y,52690.0,2024,5,Rojo,Francia
Model Y,52810.0,2025,0,Blanco,España
Model Y,52980.0,2025,0,Negro,Francia
Model Y,53050.0,2024,26,Blanco,España
Model Y,53060.0,2025,0,Negro,España
Model Y,53060.0,2024,12,Negro,España
Model Y,53090.0,2025,4,Negro,Francia
Model Y,53090.0,2024,10,Negro,España
Model Y,53510.0,2024,9,Negro,Francia
Model Y,53575.0,2024,5,Negro,Portugal
Model Y,53795.0,2024,0,Azul,Portugal
Model Y,53990.0,2025,0,Blanco,Francia
Model Y,54035.0,2024,4,Azul,Portugal
Model Y,54125.0,2025,0,Rojo,Portugal
Model Y,54280.0,2025,5,Negro,Francia
Model Y,54770.0,2024,0,Rojo,Francia
Model Y,54910.0,2024,565,Blanco,España
Model Y,55005.0,2024,3976,Azul,Portugal
Model Y,55070.0,2025,7,Blanco,España
Model Y,55070.0,2024,10,Blanco,España
Model Y,55070.0,2023,28,Blanco,España
Model Y,55180.0,2024,0,Blanco,Francia
Model Y,55220.0,2024,2276,Blanco,España
Model Y,55230.0,2024,4,Rojo,Francia
Model Y,55290.0,2025,0,Negro,Francia
Model Y,55290.0,2025,4,Azul,Francia
Model Y,55340.0,2024,0,Blanco,Francia
Model Y,55455.0,2025,4,Blanco,Portugal
Model Y,55460.0,2024,9,Blanco,España
Model Y,55710.0,2024,0,Blanco,España
Model Y,56215.0,2024,0,Azul,Portugal
Model Y,56420.0,2025,0,Blanco,España
Model Y,56480.0,2025,2,Negro,Francia
Model Y,56590.0,2024,12,Rojo,Francia
Model Y,56640.0,2025,0,Negro,Francia
Model Y,56810.0,2024,612,Azul,España
Model Y,57700.0,2024,10,Negro,España
Model Y,57780.0,2025,0,Rojo,Francia
Model Y,58500.0,2024,7,Blanco,España
Model Y,58735.0,2025,4,Negro,Portugal
Model Y,58960.0,2024,179,Rojo,España
Model Y,58970.0,2025,0,Blanco,España
Model Y,58970.0,2024,9,Azul,España
Model Y,58975.0,2025,0,Blanco,Portugal
Model Y,59290.0,2025,4,Azul,Francia
Model Y,60275.0,2025,5,Negro,Portugal
Model Y,61475.0,2025,4,Negro,Portugal
Model Y,61475.0,2024,7,Azul,Portugal
Model Y,61490.0,2025,4,Blanco,Francia
Model Y,61500.0,2024,395,Negro,España
Model Y,61575.0,2025,4,Rojo,Portugal
Model Y,61620.0,2024,6,Negro,España
Model Y,62620.0,2024,9,Rojo,España
Model Y,62825.0,2024,9,Azul,Portugal
Model Y,64815.0,2024,13,Azul,Portugal
Model Y,66420.0,2024,10,Rojo,España
Model Y,67775.0,2025,4,Negro,Portugal
