Modelo,Precio (€),Año,Kilometraje (kms),Color,País
Tesla Model S 75D,"29,100",2018,"117,456",Negro,España
Tesla Model S 75D,"28,600",2018,"127,132",Negro,Francia
Tesla Model S 75D,"28,400",2018,"116,251",Negro,Francia
Tesla Model S 75D,"33,500",2018,"70,614",Negro,España
Tesla Model S 75D,"34,200",2018,"68,302",Negro,España
Tesla Model S 100D,"39,200",2018,"92,202",Negro,Francia
Tesla Model S 100D,"38,500",2018,"84,325",Negro,Francia
Tesla Model S 100D,"39,000",2018,"91,227",Negro,Francia
Tesla Model S Long Range,"42,000",2019,"102,621",Negro,Francia
Tesla Model S 100D,"44,000",2019,"96,688",Blanco,Francia
Tesla Model S Performance,"44,500",2019,"99,838",Negro,Francia
Tesla Model S Long Range,"46,500",2019,"56,744",Plata,Francia
Tesla Model S Performance,"44,700",2019,"90,274",Rojo,Francia
Tesla Model S Performance,"47,000",2019,"88,817",Plata,Francia
Tesla Model S Long Range,"53,500",2020,"96,181",Azul,Francia
Tesla Model S Long Range,"55,550",2020,"58,870",Azul,Francia
Tesla Model S,"79,500",2023,"13,178",Blanco,España
Tesla Model S,"80,600",2023,"12,410",Negro,España
Tesla Model S Plaid,"81,700",2023,"36,085",Blanco,España
Tesla Model S,"82,010",2023,"2,497",Blanco,España
Tesla Model S,"83,500",2023,"8,276",Negro,España
Tesla Model S,"84,070",2023,"3,414",Blanco,Francia
Tesla Model S,"84,400",2023,"6,300",Blanco,España
Tesla Model S,"86,500",2023,"3,269",Rojo,España
Tesla Model S Plaid,"87,400",2023,"15,040",Blanco,España
Tesla Model S,"87,410",2024,"5,165",Negro,Francia
Tesla Model S,"88,990",2023,"6,196",Azul,España
Tesla Model S,"89,450",2024,"1,063",Azul,Francia
Tesla Model S Plaid,"89,900",2023,"27,477",Negro,Francia
Tesla Model S,"90,450",2024,710,Blanco,Francia
Tesla Model S,"90,610",2024,792,Azul,España
Tesla Model S,"90,770",2024,551,Negro,España
Tesla Model S,"91,500",2024,879,Gris,España
Tesla Model S,"92,030",2024,28,Gris,España
Tesla Model S,"92,380",2024,31,Negro,Francia
Tesla Model S,"93,200",2024,42,Desconocido,Francia
Tesla Model S,"95,225",2024,"6,465",Blanco,Portugal
Tesla Model S,"96,325",2024,22,Rojo,Portugal
Tesla Model S,"97,750",2024,17,Desconocido,España
Tesla Model S,"98,875",2023,"1,035",Blanco,Portugal
Tesla Model S,"99,600",2023,503,Blanco,España
Tesla Model S Plaid,"101,360",2024,"5,313",Rojo,Francia
Tesla Model S Plaid,"101,480",2024,"3,652",Negro,España
Tesla Model S,"102,270",2023,0,Blanco,España
Tesla Model S,"102,280",2023,"1,011",Negro,Francia
Tesla Model S Plaid,"102,540",2023,"1,700",Negro,España
Tesla Model S,"102,580",2024,0,Gris,España
Tesla Model S Plaid,"102,710",2024,21,Rojo,Francia
Tesla Model S,"103,525",2023,0,Negro,Portugal
Tesla Model S Plaid,"110,380",2024,541,Negro,Francia
Tesla Model S Plaid,"111,850",2024,25,Desconocido,España
Tesla Model S Plaid,"115,290",2024,25,Blanco,Francia
Tesla Model S Plaid,"115,490",2024,18,Gris,Francia
Tesla Model S Plaid,"115,680",2024,21,Azul,España
Tesla Model S Plaid,"115,835",2024,"3,197",Rojo,Portugal
Tesla Model S Plaid,"115,925",2024,17,Blanco,Portugal
Tesla Model S Plaid,"116,120",2024,26,Gris,Francia
Tesla Model S Plaid,"117,100",2024,20,Gris,España
Tesla Model S Plaid,"118,890",2024,28,Desconocido,Francia
Tesla Model S Plaid,"121,025",2024,53,Desconocido,Portugal
Tesla Model S Plaid,"121,690",2024,18,Desconocido,Francia
Tesla Model 3 Long Range AWD,"25,100",2019,"141,692",Negro,Francia
Tesla Model 3 Standard Range Plus,"26,900",2020,"45,691",Azul,Francia
Tesla Model 3 Performance,"27,900",2019,"72,649",Negro,Francia
Tesla Model 3 Standard Range Plus,"28,800",2020,"54,847",Plata,Francia
Tesla Model 3 Long Range AWD,"28,500",2020,"94,337",Blanco,Francia
Tesla Model 3 Long Range AWD,"29,500",2020,"68,845",Negro,Francia
Tesla Model 3 Long Range AWD,"29,600",2021,"136,792",Blanco,Francia
Tesla Model 3 Long Range AWD,"29,800",2019,"65,352",Negro,Francia
Tesla Model 3 Standard Range Plus,"30,100",2021,"40,244",Negro,Francia
Tesla Model 3 Long Range AWD,"30,200",2020,"56,115",Negro,Francia
Tesla Model 3 Long Range AWD,"30,800",2020,"53,808",Negro,Francia
Tesla Model 3 Long Range AWD,"30,800",2020,"52,917",Negro,Francia
Tesla Model 3 Long Range AWD,"31,000",2019,"45,587",Negro,Francia
Tesla Model 3 Performance,"31,200",2019,"35,858",Negro,Francia
Tesla Model 3 Long Range AWD,"31,300",2021,"103,272",Negro,Francia
Tesla Model 3 Long Range AWD,"31,300",2021,"106,571",Negro,Francia
Tesla Model 3 Long Range AWD,"31,300",2020,"49,251",Negro,Francia
Tesla Model 3 Long Range AWD,"31,400",2019,"60,048",Negro,España
Tesla Model 3,"31,600",2022,"15,290",Negro,España
Tesla Model 3 Performance,"31,600",2020,"61,733",Negro,Francia
Tesla Model 3 Long Range AWD,"31,500",2021,"79,887",Negro,Francia
Tesla Model 3 Performance,"31,700",2020,"46,586",Negro,Francia
Tesla Model 3 Performance,"32,200",2020,"44,365",Negro,Francia
Tesla Model 3 Performance,"32,200",2019,"63,570",Negro,Francia
Tesla Model 3 Long Range AWD,"32,300",2020,"55,927",Negro,Francia
Tesla Model 3 Long Range AWD,"32,400",2021,"91,051",Negro,Francia
Tesla Model 3 Long Range AWD,"32,900",2020,"81,783",Negro,Portugal
Tesla Model 3 Performance,"33,100",2020,"63,684",Negro,Francia
Tesla Model 3 Long Range AWD,"33,200",2021,"79,681",Negro,España
Tesla Model 3 Long Range AWD,"33,300",2020,"65,224",Negro,Francia
Tesla Model 3 Long Range AWD,"33,700",2021,"76,126",Negro,Francia
Tesla Model 3 Performance,"33,700",2021,"88,254",Negro,Francia
Tesla Model 3 Long Range AWD,"34,100",2021,"57,522",Negro,España
Tesla Model 3 Performance,"34,500",2020,"40,623",Blanco,Francia
Tesla Model 3 Performance,"34,870",2019,"51,506",Negro,Francia
Tesla Model 3 Long Range AWD,"34,900",2021,"76,956",Negro,España
Tesla Model 3,"35,100",2023,"39,315",Negro,España
Tesla Model 3 Performance,"35,200",2020,"111,567",Negro,Francia
Tesla Model 3 Performance,"35,300",2021,"53,081",Blanco,España
Tesla Model 3,"35,380",2024,"6,671",Desconocido,España
Tesla Model 3,"35,640",2024,"5,390",Desconocido,España
Tesla Model 3,"35,700",2023,"26,036",Negro,Francia
Tesla Model 3 Long Range AWD,"35,700",2021,"64,707",Negro,Francia
Tesla Model 3,"35,720",2024,"4,991",Desconocido,España
Tesla Model 3 Performance,"35,800",2021,"90,951",Blanco,Francia
Tesla Model 3 Long Range AWD,"35,900",2021,"26,089",Blanco,España
Tesla Model 3 Long Range AWD,"35,900",2021,"63,769",Negro,España
Tesla Model 3 Performance,"36,000",2020,"38,031",Blanco,Francia
Tesla Model 3,"36,270",2024,"6,562",Azul,España
Tesla Model 3 Long Range AWD,"36,300",2021,"42,189",Blanco,España
Tesla Model 3,"36,470",2025,0,Blanco,España
Tesla Model 3,"36,470",2024,"5,580",Azul,España
Tesla Model 3,"36,700",2024,"1,817",Blanco,España
Tesla Model 3,"36,740",2024,"7,210",Desconocido,España
Tesla Model 3 Performance,"39,200",2020,"30,295",Negro,Francia
Tesla Model 3,"37,000",2024,21,Blanco,España
Tesla Model 3 Long Range AWD,"37,000",2020,"22,191",Negro,Francia
Tesla Model 3 Long Range AWD,"37,100",2022,"30,168",Negro,España
Tesla Model 3 Performance,"35,900",2021,"42,177",Negro,Francia
Tesla Model 3,"37,160",2024,"5,548",Desconocido,España
Tesla Model 3,"37,300",2024,676,Blanco,España
Tesla Model 3,"37,300",2024,692,Blanco,España
Tesla Model 3,"37,310",2024,"5,656",Negro,España
Tesla Model 3,"37,500",2024,14,Blanco,España
Tesla Model 3,"37,520",2025,0,Blanco,España
Tesla Model 3,"37,770",2025,0,Azul,España
Tesla Model 3,"37,700",2023,"28,589",Negro,Francia
Tesla Model 3 Long Range AWD,"37,900",2022,"20,049",Negro,España
Tesla Model 3,"38,070",2025,0,Blanco,España
Tesla Model 3,"38,070",2024,12,Blanco,España
Tesla Model 3 Long Range RWD,"38,400",2023,"36,843",Negro,Francia
Tesla Model 3,"38,470",2025,0,Desconocido,España
Tesla Model 3,"38,470",2024,"3,351",Gris,España
Tesla Model 3,"38,475",2025,0,Azul,Portugal
Tesla Model 3,"38,820",2025,0,Azul,España
Tesla Model 3,"38,870",2025,0,Blanco,España
Tesla Model 3,"39,120",2025,0,Azul,España
Tesla Model 3,"39,370",2025,0,Azul,España
Tesla Model 3,"39,370",2024,12,Azul,España
Tesla Model 3,"39,420",2025,12,Blanco,España
Tesla Model 3,"39,420",2024,0,Blanco,España
Tesla Model 3,"39,520",2025,0,Rojo,España
Tesla Model 3 Performance,"39,600",2020,"40,205",Blanco,España
Tesla Model 3,"39,675",2025,10,Azul,Portugal
Tesla Model 3,"39,675",2024,0,Azul,Portugal
Tesla Model 3 Performance,"39,700",2021,"43,763",Negro,Francia
Tesla Model 3,"39,740",2025,15,Desconocido,España
Tesla Model 3,"39,820",2025,0,Desconocido,España
Tesla Model 3,"39,825",2025,0,Azul,Portugal
Tesla Model 3,"40,070",2025,0,Desconocido,España
Tesla Model 3,"40,080",2024,13,Azul,Francia
Tesla Model 3,"40,175",2025,0,Azul,Portugal
Tesla Model 3 Long Range AWD,"40,200",2021,"31,909",Blanco,Francia
Tesla Model 3,"40,700",2024,757,Azul,Francia
Tesla Model 3,"41,050",2024,15,Negro,Francia
Tesla Model 3,"41,170",2024,21,Azul,Francia
Tesla Model 3,"41,180",2025,0,Blanco,Francia
Tesla Model 3,"41,290",2024,14,Negro,Francia
Tesla Model 3,"41,340",2025,0,Blanco,Francia
Tesla Model 3,"41,460",2024,15,Azul,Francia
Tesla Model 3,"41,460",2024,29,Azul,Francia
Tesla Model 3,"41,460",2024,"2,629",Azul,Francia
Tesla Model 3 Long Range RWD,"41,470",2025,0,Blanco,España
Tesla Model 3,"41,570",2024,"2,309",Gris,Francia
Tesla Model 3,"41,760",2024,166,Negro,Francia
Tesla Model 3,"41,870",2024,52,Rojo,Francia
Tesla Model 3,"41,900",2024,10,Rojo,Francia
Tesla Model 3,"41,995",2024,"5,229",Negro,Portugal
Tesla Model 3,"42,020",2024,15,Rojo,Francia
Tesla Model 3,"42,160",2024,12,Negro,Francia
Tesla Model 3,"42,175",2025,10,Blanco,Portugal
Tesla Model 3,"42,370",2025,0,Blanco,Francia
Tesla Model 3,"42,480",2025,0,Negro,Francia
Tesla Model 3,"42,500",2024,353,Rojo,España
Tesla Model 3,"42,530",2025,0,Blanco,Francia
Tesla Model 3,"42,640",2024,10,Gris,Francia
Tesla Model 3 Long Range RWD,"42,770",2025,0,Negro,España
Tesla Model 3,"43,020",2024,23,Rojo,Francia
Tesla Model 3,"43,140",2024,12,Rojo,Francia
Tesla Model 3,"43,180",2025,0,Rojo,Francia
Tesla Model 3,"43,290",2024,12,Rojo,Francia
Tesla Model 3,"43,475",2025,0,Gris,Portugal
Tesla Model 3,"43,875",2025,0,Blanco,Portugal
Tesla Model 3,"44,025",2024,9,Blanco,Portugal
Tesla Model 3,"44,175",2025,0,Rojo,Portugal
Tesla Model 3,"44,325",2025,0,Rojo,Portugal
Tesla Model 3 Long Range RWD,"44,370",2025,9,Negro,España
Tesla Model 3,"44,675",2025,10,Rojo,Portugal
Tesla Model 3,"44,675",2024,12,Rojo,Portugal
Tesla Model 3 Long Range AWD,"43,900",2023,"14,886",Negro,Portugal
Tesla Model 3 Long Range RWD,"44,900",2023,"31,004",Negro,Francia
Tesla Model 3,"45,140",2025,13,Blanco,Francia
Tesla Model 3 Long Range AWD,"45,980",2024,"2,204",Blanco,España
Tesla Model 3 Long Range RWD,"39,000",2023,"24,197",Negro,Francia
Tesla Model 3 Long Range RWD,"46,290",2025,0,Negro,Francia
Tesla Model 3 Long Range RWD,"46,410",2025,536,Gris,Francia
Tesla Model 3 Long Range AWD,"46,500",2024,"15,795",Gris,España
Tesla Model 3 Long Range RWD,"46,620",2025,326,Gris,Francia
Tesla Model 3 Long Range AWD,"46,940",2024,"4,790",Blanco,España
Tesla Model 3 Long Range RWD,"47,015",2025,10,Azul,Portugal
Tesla Model 3 Long Range AWD,"47,240",2024,"6,399",Blanco,Francia
Tesla Model 3 Long Range RWD,"47,275",2025,0,Negro,Portugal
Tesla Model 3 Performance,"47,400",2023,"12,996",Negro,Francia
Tesla Model 3,"47,430",2024,11,Negro,Francia
Tesla Model 3 Long Range AWD,"47,450",2024,"5,875",Desconocido,España
Tesla Model 3 Long Range AWD,"47,470",2024,"5,781",Desconocido,España
Tesla Model 3 Long Range AWD,"47,510",2024,"5,616",Blanco,Francia
Tesla Model 3,"47,580",2024,13,Azul,Francia
Tesla Model 3 Long Range AWD,"47,650",2024,"2,051",Rojo,España
Tesla Model 3 Performance,"47,700",2023,"29,444",Negro,España
Tesla Model 3 Long Range RWD,"48,335",2025,87,Blanco,Portugal
Tesla Model 3 Long Range AWD,"48,340",2024,223,Blanco,España
Tesla Model 3 Long Range AWD,"48,360",2024,13,Negro,España
Tesla Model 3 Long Range RWD,"48,475",2025,99,Gris,Portugal
Tesla Model 3 Long Range AWD,"48,570",2024,223,Negro,España
Tesla Model 3 Performance,"46,600",2022,"19,834",Negro,Portugal
Tesla Model 3 Long Range AWD,"48,640",2024,15,Blanco,Francia
Tesla Model 3 Long Range AWD,"48,660",2024,"1,203",Desconocido,España
Tesla Model 3 Long Range AWD,"48,760",2025,0,Blanco,España
Tesla Model 3 Long Range RWD,"48,975",2025,0,Negro,Portugal
Tesla Model 3 Long Range AWD,"49,040",2024,0,Desconocido,España
Tesla Model 3 Long Range AWD,"49,060",2024,25,Azul,España
Tesla Model 3 Long Range AWD,"49,280",2024,"4,446",Desconocido,España
Tesla Model 3 Long Range AWD,"49,385",2024,"7,172",Azul,Portugal
Tesla Model 3 Long Range AWD,"49,810",2025,0,Blanco,España
Tesla Model 3 Long Range AWD,"49,930",2024,440,Blanco,España
Tesla Model 3,"49,980",2024,10,Azul,Francia
Tesla Model 3 Long Range AWD,"49,990",2025,0,Blanco,Francia
Tesla Model 3 Long Range AWD,"49,990",2024,"3,362",Azul,España
Tesla Model 3 Long Range AWD,"50,060",2025,0,Negro,España
Tesla Model 3 Long Range RWD,"50,090",2025,10,Negro,Francia
Tesla Model 3 Performance,"50,100",2023,"18,379",Negro,España
Tesla Model 3 Long Range AWD,"50,110",2025,0,Blanco,España
Tesla Model 3 Long Range AWD,"50,190",2024,"1,412",Azul,Francia
Tesla Model 3 Long Range AWD,"50,225",2024,"9,327",Negro,Portugal
Tesla Model 3 Long Range AWD,"50,360",2025,0,Blanco,España
Tesla Model 3 Long Range AWD,"50,380",2024,13,Desconocido,España
Tesla Model 3 Long Range AWD,"50,430",2024,13,Rojo,Francia
Tesla Model 3 Long Range AWD,"50,600",2024,15,Azul,Francia
Tesla Model 3 Long Range AWD,"50,760",2024,0,Desconocido,España
Tesla Model 3 Long Range RWD,"50,875",2025,9,Rojo,Portugal
Tesla Model 3 Long Range RWD,"50,975",2025,9,Blanco,Portugal
Tesla Model 3 Long Range AWD,"51,110",2025,0,Azul,España
Tesla Model 3 Long Range AWD,"51,110",2024,15,Azul,España
Tesla Model 3 Long Range AWD,"51,160",2025,0,Blanco,España
Tesla Model 3 Long Range AWD,"51,180",2025,0,Blanco,Francia
Tesla Model 3 Long Range AWD,"51,290",2025,0,Gris,Francia
Tesla Model 3 Long Range AWD,"51,290",2024,10,Gris,Francia
Tesla Model 3 Long Range AWD,"51,325",2025,0,Blanco,Portugal
Tesla Model 3 Long Range AWD,"51,340",2025,0,Blanco,Francia
Tesla Model 3 Long Range AWD,"51,410",2025,0,Blanco,España
Tesla Model 3 Long Range AWD,"51,410",2024,13,Gris,España
Tesla Model 3 Long Range AWD,"51,560",2024,70,Rojo,Francia
Tesla Model 3 Long Range AWD,"51,580",2024,10,Rojo,Francia
Tesla Model 3 Long Range AWD,"51,600",2024,0,Rojo,Francia
Tesla Model 3 Long Range AWD,"51,620",2024,10,Desconocido,Francia
Tesla Model 3 Long Range AWD,"51,660",2025,0,Negro,España
Tesla Model 3 Long Range AWD,"51,660",2025,10,Azul,España
Tesla Model 3 Long Range AWD,"51,675",2025,0,Blanco,Portugal
Tesla Model 3 Long Range AWD,"51,710",2025,0,Blanco,España
Tesla Model 3 Long Range AWD,"51,810",2024,0,Rojo,España
Tesla Model 3 Long Range AWD,"51,990",2025,10,Desconocido,Francia
Tesla Model 3 Long Range AWD,"51,990",2024,0,Rojo,Francia
Tesla Model 3 Long Range AWD,"52,110",2025,0,Desconocido,España
Tesla Model 3 Long Range AWD,"52,110",2025,12,Rojo,España
Tesla Model 3 Long Range AWD,"52,170",2024,13,Blanco,Francia
Tesla Model 3 Performance,"52,300",2024,"3,543",Blanco,España
Tesla Model 3 Long Range AWD,"52,360",2025,0,Rojo,España
Tesla Model 3 Long Range AWD,"52,360",2024,10,Rojo,España
Tesla Model 3 Long Range AWD,"52,360",2024,12,Desconocido,España
Tesla Model 3 Long Range AWD,"52,370",2024,0,Blanco,Francia
Tesla Model 3 Long Range AWD,"52,460",2024,20,Blanco,España
Tesla Model 3 Long Range AWD,"52,475",2025,10,Negro,Portugal
Tesla Model 3 Long Range AWD,"52,475",2024,15,Azul,Portugal
Tesla Model 3 Long Range AWD,"52,480",2025,0,Negro,Francia
Tesla Model 3 Long Range AWD,"52,480",2025,10,Azul,Francia
Tesla Model 3 Long Range AWD,"52,525",2025,10,Blanco,Portugal
Tesla Model 3 Long Range AWD,"52,530",2025,0,Blanco,Francia
Tesla Model 3 Long Range AWD,"52,600",2024,15,Rojo,Francia
Tesla Model 3 Long Range AWD,"52,625",2025,10,Gris,Portugal
Tesla Model 3 Long Range AWD,"52,640",2025,0,Negro,Francia
Tesla Model 3 Long Range AWD,"52,875",2024,13,Blanco,Portugal
Tesla Model 3 Long Range AWD,"52,975",2025,9,Gris,Portugal
Tesla Model 3 Long Range AWD,"52,975",2025,10,Azul,Portugal
Tesla Model 3 Long Range AWD,"53,010",2024,0,Azul,España
Tesla Model 3 Long Range AWD,"53,020",2024,10,Rojo,Francia
Tesla Model 3 Long Range AWD,"53,025",2025,0,Blanco,Portugal
Tesla Model 3 Long Range AWD,"53,175",2024,0,Rojo,Portugal
Tesla Model 3 Long Range AWD,"53,180",2025,0,Rojo,Francia
Tesla Model 3 Long Range AWD,"53,340",2025,0,Rojo,Francia
Tesla Model 3 Long Range AWD,"53,340",2025,10,Desconocido,Francia
Tesla Model 3 Long Range AWD,"53,830",2024,0,Azul,Francia
Tesla Model 3 Long Range AWD,"53,900",2024,15,Rojo,Francia
Tesla Model 3 Long Range AWD,"54,325",2024,10,Azul,Portugal
Tesla Model 3 Performance,"54,660",2024,"3,853",Negro,España
Tesla Model 3 Performance,"54,930",2024,"3,325",Gris,España
Tesla Model 3 Performance,"55,190",2024,"2,192",Rojo,Francia
Tesla Model 3 Performance,"55,390",2024,"1,726",Negro,España
Tesla Model 3 Long Range AWD,"55,720",2024,12,Rojo,Francia
Tesla Model 3 Long Range AWD,"55,775",2024,12,Rojo,Portugal
Tesla Model 3 Performance,"56,020",2024,13,Gris,España
Tesla Model 3 Long Range AWD,"56,420",2024,10,Gris,España
Tesla Model 3 Long Range AWD,"56,425",2024,10,Gris,Portugal
Tesla Model 3 Long Range AWD,"56,440",2024,10,Gris,Francia
Tesla Model 3 Performance,"56,920",2024,12,Blanco,Francia
Tesla Model 3 Long Range AWD,"56,980",2024,10,Desconocido,Francia
Tesla Model 3 Performance,"57,490",2025,0,Blanco,Francia
Tesla Model 3 Performance,"58,470",2025,10,Blanco,España
Tesla Model 3 Performance,"58,470",2024,0,Blanco,España
Tesla Model 3 Performance,"58,475",2025,10,Blanco,Portugal
Tesla Model 3 Performance,"58,475",2024,13,Blanco,Portugal
Tesla Model 3 Performance,"58,680",2024,0,Blanco,Francia
Tesla Model 3 Performance,"58,790",2025,0,Azul,Francia
Tesla Model 3 Long Range AWD,"58,790",2025,9,Negro,Francia
Tesla Model 3 Long Range AWD,"58,790",2025,10,Negro,Francia
Tesla Model 3 Performance,"59,340",2024,12,Rojo,Francia
Tesla Model 3 Long Range AWD,"59,470",2024,12,Desconocido,España
Tesla Model 3 Performance,"59,490",2025,11,Rojo,Francia
Tesla Model 3 Performance,"59,490",2024,24,Rojo,Francia
Tesla Model 3 Performance,"59,675",2025,0,Blanco,Portugal
Tesla Model 3 Performance,"59,675",2024,11,Blanco,Portugal
Tesla Model 3 Performance,"59,770",2025,0,Azul,España
Tesla Model 3 Performance,"59,980",2025,0,Negro,Francia
Tesla Model 3 Performance,"60,475",2025,0,Desconocido,Portugal
Tesla Model 3 Performance,"60,680",2024,17,Rojo,Francia
Tesla Model 3 Performance,"60,820",2025,0,Negro,España
Tesla Model 3 Performance,"60,975",2025,0,Negro,Portugal
Tesla Model 3 Performance,"60,975",2025,10,Azul,Portugal
Tesla Model 3 Performance,"61,675",2024,0,Rojo,Portugal
Tesla Model 3 Performance,"62,275",2024,12,Blanco,Portugal
Tesla Model 3 Performance,"62,590",2024,10,Negro,Francia
Tesla Model 3 Performance,"62,590",2024,19,Azul,Francia
Tesla Model 3 Performance,"64,480",2024,11,Rojo,Francia
Tesla Model 3 Performance,"65,975",2024,12,Blanco,Portugal
Tesla Model X 100D,"43,200",2018,"91,833",Plata,Francia
Tesla Model X 100D,"39,500",2018,"124,003",Plata,Francia
Tesla Model X 100D,"44,200",2019,"114,328",Azul,Francia
Tesla Model X 100D,"44,500",2019,"115,609",Plata,Francia
Tesla Model X 100D,"48,500",2019,"75,286",Plata,Francia
Tesla Model X Long Range,"49,000",2019,"98,188",Plata,Francia
Tesla Model X 100D,"49,900",2018,"52,351",Plata,Francia
Tesla Model X 100D,"51,400",2019,"84,586",Plata,Francia
Tesla Model X P100D,"51,800",2019,"95,034",Negro,Francia
Tesla Model X 100D,"52,000",2018,"108,044",Azul,España
Tesla Model X Long Range,"53,800",2019,"64,177",Plata,Francia
Tesla Model X Long Range Plus,"54,000",2020,"53,949",Blanco,Francia
Tesla Model X Long Range,"55,000",2019,"59,026",Negro,Francia
Tesla Model X Long Range,"55,500",2020,"91,785",Blanco,Francia
Tesla Model X 100D,"56,000",2019,"55,363",Plata,Francia
Tesla Model X Long Range Plus,"57,000",2020,"59,115",Plata,Francia
Tesla Model X P100D,"58,000",2019,"64,984",Plata,Portugal
Tesla Model X Plaid,"83,500",2023,"15,035",Blanco,España
Tesla Model X,"84,000",2023,"20,759",Negro,España
Tesla Model X,"84,500",2023,"11,765",Negro,España
Tesla Model X,"84,500",2023,"16,910",Negro,España
Tesla Model X Plaid,"86,500",2023,"21,472",Plata,España
Tesla Model X Plaid,"87,600",2023,"20,073",Blanco,España
Tesla Model X,"91,210",2023,"1,703",Azul,España
Tesla Model X,"96,120",2024,"3,632",Blanco,España
Tesla Model X Plaid,"97,375",2023,"3,525",Blanco,Portugal
Tesla Model X,"94,000",2023,"12,384",Plata,Francia
Tesla Model X,"99,990",2024,23,Blanco,Francia
Tesla Model X,"100,580",2024,"5,519",Blanco,España
Tesla Model X,"100,860",2024,"3,945",Negro,España
Tesla Model X,"101,230",2024,953,Blanco,España
Tesla Model X,"102,820",2024,"4,378",Negro,España
Tesla Model X,"102,840",2023,"1,405",Blanco,España
Tesla Model X,"103,050",2024,18,Negro,Francia
Tesla Model X,"104,370",2023,31,Blanco,España
Tesla Model X,"105,010",2024,194,Gris,España
Tesla Model X Plaid,"106,270",2024,33,Blanco,España
Tesla Model X,"106,445",2024,31,Azul,Portugal
Tesla Model X,"106,855",2023,"14,782",Azul,Portugal
Tesla Model X,"107,210",2023,"3,253",Blanco,España
Tesla Model X,"108,075",2023,34,Negro,Portugal
Tesla Model X,"108,190",2024,49,Negro,Francia
Tesla Model X,"109,200",2024,26,Rojo,Francia
Tesla Model X,"109,290",2023,86,Plata,Francia
Tesla Model X,"109,820",2024,23,Desconocido,España
Tesla Model X,"110,100",2024,"3,063",Negro,España
Tesla Model X,"110,270",2024,23,Desconocido,España
Tesla Model X,"110,370",2024,20,Negro,España
Tesla Model X,"111,370",2024,17,Rojo,España
Tesla Model X Plaid,"111,670",2024,59,Blanco,España
Tesla Model X Plaid,"112,420",2024,31,Desconocido,España
Tesla Model X,"112,490",2024,0,Blanco,Francia
Tesla Model X,"112,575",2024,20,Negro,Portugal
Tesla Model X,"112,770",2024,0,Negro,España
Tesla Model X,"112,770",2024,20,Azul,España
Tesla Model X Plaid,"113,500",2024,401,Azul,Francia
Tesla Model X Plaid,"113,530",2024,197,Rojo,Francia
Tesla Model X,"113,570",2024,0,Blanco,España
Tesla Model X,"113,575",2024,17,Rojo,Portugal
Tesla Model X,"113,770",2024,28,Gris,España
Tesla Model X Plaid,"114,050",2024,32,Gris,España
Tesla Model X,"114,670",2024,0,Blanco,España
Tesla Model X,"114,770",2024,31,Rojo,España
Tesla Model X,"115,075",2024,0,Negro,Portugal
Tesla Model X,"115,075",2024,20,Azul,Portugal
Tesla Model X,"115,290",2024,20,Negro,Francia
Tesla Model X,"115,725",2024,0,Blanco,Portugal
Tesla Model X,"115,825",2023,116,Azul,Portugal
Tesla Model X,"116,075",2024,28,Gris,Portugal
Tesla Model X,"116,170",2023,0,Negro,España
Tesla Model X Plaid,"116,665",2024,25,Rojo,Portugal
Tesla Model X,"116,925",2024,0,Blanco,Portugal
Tesla Model X,"117,075",2024,31,Rojo,Portugal
Tesla Model X,"117,090",2023,26,Plata,Francia
Tesla Model X,"117,270",2024,26,Rojo,España
Tesla Model X Plaid,"117,590",2024,20,Gris,Francia
Tesla Model X,"118,690",2023,23,Negro,Francia
Tesla Model X,"118,690",2023,60,Azul,Francia
Tesla Model X Plaid,"119,170",2024,34,Desconocido,España
Tesla Model X,"119,525",2024,26,Rojo,Portugal
Tesla Model X Plaid,"119,990",2024,23,Desconocido,Francia
Tesla Model X Plaid,"120,270",2024,25,Rojo,España
Tesla Model X,"120,425",2023,26,Plata,Portugal
Tesla Model X,"120,670",2024,17,Rojo,España
Tesla Model X Plaid,"121,870",2024,0,Blanco,España
Tesla Model X,"122,025",2023,25,Negro,Portugal
Tesla Model X,"123,025",2024,17,Rojo,Portugal
Tesla Model X Plaid,"123,925",2024,0,Blanco,Portugal
Tesla Model X Plaid,"124,890",2023,31,Azul,Francia
Tesla Model X Plaid,"126,525",2024,31,Rojo,Portugal
Tesla Model X Plaid,"126,870",2024,0,Rojo,España
Tesla Model X Plaid,"129,025",2024,0,Rojo,Portugal
Tesla Model Y Long Range AWD,"38,500",2022,"43,516",Plata,Francia
Tesla Model Y Standard Range,"40,500",2024,"12,146",Desconocido,España
Tesla Model Y Standard Range,"41,475",2025,0,Blanco,Portugal
Tesla Model Y Standard Range,"41,475",2024,4,Blanco,Portugal
Tesla Model Y Standard Range,"42,025",2024,"5,432",Blanco,Portugal
Tesla Model Y Standard Range,"42,180",2025,4,Blanco,Francia
Tesla Model Y Standard Range,"42,290",2025,4,Negro,Francia
Tesla Model Y Standard Range,"42,555",2025,0,Blanco,Portugal
Tesla Model Y Standard Range,"42,605",2024,"3,749",Blanco,Portugal
Tesla Model Y Standard Range,"42,645",2025,0,Azul,Portugal
Tesla Model Y Standard Range,"42,645",2024,9,Azul,Portugal
Tesla Model Y Standard Range,"42,750",2024,"5,950",Negro,España
Tesla Model Y Standard Range,"43,090",2025,4,Blanco,Francia
Tesla Model Y Long Range AWD,"43,100",2022,"71,294",Azul,Francia
Tesla Model Y Standard Range,"43,440",2024,"2,798",Negro,España
Tesla Model Y Long Range AWD,"41,600",2022,"31,021",Negro,Portugal
Tesla Model Y Standard Range,"43,640",2025,5,Negro,Francia
Tesla Model Y Standard Range,"43,640",2024,0,Negro,Francia
Tesla Model Y Standard Range,"43,725",2025,5,Negro,Portugal
Tesla Model Y Standard Range,"43,815",2025,0,Desconocido,Portugal
Tesla Model Y Standard Range,"43,815",2024,15,Desconocido,Portugal
Tesla Model Y Standard Range,"43,815",2024,86,Desconocido,Portugal
Tesla Model Y Long Range AWD,"43,900",2022,"35,338",Blanco,Portugal
Tesla Model Y Long Range AWD,"44,000",2022,"54,383",Blanco,Portugal
Tesla Model Y Standard Range,"44,260",2025,0,Blanco,España
Tesla Model Y Standard Range,"44,280",2025,0,Blanco,Francia
Tesla Model Y Standard Range,"44,390",2025,4,Negro,Francia
Tesla Model Y Standard Range,"44,490",2024,"6,282",Blanco,España
Tesla Model Y Standard Range,"44,590",2024,"6,998",Azul,España
Tesla Model Y Standard Range,"44,715",2025,5,Negro,Portugal
Tesla Model Y Standard Range,"44,715",2024,0,Azul,Portugal
Tesla Model Y Standard Range,"44,895",2025,0,Desconocido,Portugal
Tesla Model Y Standard Range,"44,970",2024,"5,091",Negro,España
Tesla Model Y Standard Range,"45,035",2024,0,Desconocido,Portugal
Tesla Model Y Long Range AWD,"45,400",2023,"10,713",Rojo,Francia
Tesla Model Y Long Range RWD,"45,490",2024,"16,846",Desconocido,España
Tesla Model Y Long Range AWD,"45,500",2022,"36,306",Plata,Portugal
Tesla Model Y Standard Range,"45,525",2024,"5,023",Desconocido,Portugal
Tesla Model Y Long Range RWD,"45,540",2024,"8,099",Blanco,España
Tesla Model Y Standard Range,"45,560",2025,0,Azul,España
Tesla Model Y Long Range RWD,"45,560",2024,"7,996",Blanco,España
Tesla Model Y Standard Range,"45,630",2024,3,Blanco,Francia
Tesla Model Y Standard Range,"45,750",2024,"1,317",Blanco,España
Tesla Model Y Standard Range,"45,795",2024,0,Azul,Portugal
Tesla Model Y Standard Range,"45,795",2024,16,Azul,Portugal
Tesla Model Y Standard Range,"45,935",2024,7,Negro,Portugal
Tesla Model Y Standard Range,"45,990",2024,"5,128",Azul,España
Tesla Model Y Standard Range,"46,115",2024,12,Rojo,Portugal
Tesla Model Y Standard Range,"46,495",2025,4,Blanco,Portugal
Tesla Model Y Long Range AWD,"46,500",2022,"31,967",Blanco,Portugal
Tesla Model Y Long Range AWD,"46,500",2022,"32,157",Blanco,Portugal
Tesla Model Y Standard Range,"46,790",2024,"1,011",Rojo,España
Tesla Model Y Performance,"46,800",2023,"48,582",Negro,España
Tesla Model Y Long Range RWD,"46,830",2024,"4,075",Rojo,España
Tesla Model Y Long Range RWD,"46,930",2024,"1,991",Blanco,España
Tesla Model Y Long Range RWD,"46,990",2025,0,Blanco,Francia
Tesla Model Y Long Range AWD,"47,000",2022,"28,496",Blanco,Portugal
Tesla Model Y Long Range AWD,"47,000",2022,"28,755",Blanco,Portugal
Tesla Model Y Long Range RWD,"47,080",2024,"3,293",Rojo,España
Tesla Model Y Long Range RWD,"47,580",2024,"4,462",Blanco,España
Tesla Model Y Standard Range,"47,660",2025,4,Azul,España
Tesla Model Y Long Range AWD,"47,850",2024,0,Negro,Francia
Tesla Model Y Long Range AWD,"47,990",2025,0,Blanco,Francia
Tesla Model Y Long Range AWD,"48,110",2023,"7,085",Blanco,España
Tesla Model Y Long Range RWD,"48,180",2025,4,Blanco,Francia
Tesla Model Y Long Range RWD,"48,210",2024,"2,376",Blanco,España
Tesla Model Y Long Range RWD,"48,210",2024,"2,946",Rojo,España
Tesla Model Y Long Range AWD,"48,800",2023,"11,184",Negro,Francia
Tesla Model Y Performance,"48,800",2022,"20,423",Blanco,Francia
Tesla Model Y Long Range AWD,"48,895",2023,"5,218",Blanco,Portugal
Tesla Model Y Long Range RWD,"49,030",2024,"3,274",Desconocido,España
Tesla Model Y Long Range AWD,"49,040",2023,"2,036",Blanco,España
Tesla Model Y Long Range RWD,"49,160",2025,2,Blanco,España
Tesla Model Y Long Range AWD,"49,180",2025,0,Blanco,Francia
Tesla Model Y Long Range AWD,"49,180",2024,6,Blanco,Francia
Tesla Model Y Long Range AWD,"49,230",2024,5,Blanco,Francia
Tesla Model Y Long Range AWD,"49,290",2025,0,Azul,Francia
Tesla Model Y Long Range AWD,"49,290",2024,4,Negro,Francia
Tesla Model Y Long Range AWD,"49,290",2024,145,Negro,Francia
Tesla Model Y Long Range AWD,"49,300",2024,"3,169",Rojo,Francia
Tesla Model Y Long Range AWD,"49,340",2025,0,Blanco,Francia
Tesla Model Y Long Range AWD,"49,340",2024,4,Blanco,Francia
Tesla Model Y Long Range RWD,"49,410",2025,0,Azul,España
Tesla Model Y Long Range RWD,"49,790",2024,211,Blanco,España
Tesla Model Y Long Range RWD,"49,830",2024,26,Blanco,España
Tesla Model Y Long Range AWD,"49,840",2024,400,Blanco,España
Tesla Model Y Long Range AWD,"49,890",2024,7,Negro,Francia
Tesla Model Y Long Range RWD,"49,970",2024,"3,723",Desconocido,España
Tesla Model Y Long Range RWD,"49,975",2025,4,Blanco,Portugal
Tesla Model Y Long Range AWD,"49,995",2023,"5,887",Azul,Portugal
Tesla Model Y Long Range AWD,"50,090",2025,0,Blanco,Francia
Tesla Model Y Long Range RWD,"50,160",2024,9,Negro,España
Tesla Model Y Long Range AWD,"50,375",2025,0,Blanco,Portugal
Tesla Model Y Long Range AWD,"50,480",2025,0,Negro,Francia
Tesla Model Y Long Range RWD,"50,500",2024,"4,041",Rojo,España
Tesla Model Y Long Range AWD,"50,530",2025,0,Blanco,Francia
Tesla Model Y Long Range AWD,"50,530",2024,4,Blanco,Francia
Tesla Model Y Long Range AWD,"50,560",2024,"3,179",Blanco,España
Tesla Model Y Long Range AWD,"50,590",2025,0,Desconocido,Francia
Tesla Model Y Performance,"50,600",2022,"14,953",Negro,Francia
Tesla Model Y Long Range AWD,"50,640",2025,0,Negro,Francia
Tesla Model Y Long Range AWD,"50,875",2024,"6,214",Blanco,Portugal
Tesla Model Y Long Range RWD,"50,940",2025,2,Rojo,Francia
Tesla Model Y Long Range AWD,"51,020",2024,"2,501",Azul,España
Tesla Model Y Long Range RWD,"51,070",2024,5,Desconocido,España
Tesla Model Y Long Range AWD,"51,280",2025,0,Blanco,Francia
Tesla Model Y Long Range AWD,"51,390",2025,0,Negro,Francia
Tesla Model Y Long Range AWD,"51,390",2025,2,Azul,Francia
Tesla Model Y Long Range RWD,"51,405",2024,"2,545",Negro,Portugal
Tesla Model Y Long Range AWD,"51,420",2024,"2,857",Azul,España
Tesla Model Y Long Range AWD,"51,440",2025,0,Blanco,Francia
Tesla Model Y Long Range AWD,"51,515",2025,0,Blanco,Portugal
Tesla Model Y Long Range AWD,"51,655",2025,4,Blanco,Portugal
Tesla Model Y Long Range AWD,"51,655",2024,0,Blanco,Portugal
Tesla Model Y Long Range AWD,"51,655",2024,12,Blanco,Portugal
Tesla Model Y Long Range RWD,"51,740",2025,4,Negro,Francia
Tesla Model Y Long Range AWD,"51,760",2025,0,Blanco,España
Tesla Model Y Long Range AWD,"51,780",2025,0,Desconocido,Francia
Tesla Model Y Long Range AWD,"51,830",2025,2,Negro,Francia
Tesla Model Y Long Range AWD,"51,940",2025,0,Desconocido,Francia
Tesla Model Y Long Range RWD,"52,435",2024,"4,586",Desconocido,Portugal
Tesla Model Y Long Range AWD,"52,550",2024,"1,520",Negro,España
Tesla Model Y Long Range AWD,"52,580",2025,0,Negro,Francia
Tesla Model Y Long Range AWD,"52,580",2024,7,Negro,Francia
Tesla Model Y Long Range RWD,"52,625",2025,0,Azul,Portugal
Tesla Model Y Long Range AWD,"52,630",2024,7,Blanco,Francia
Tesla Model Y Long Range AWD,"52,635",2024,"3,709",Azul,Portugal
Tesla Model Y Long Range AWD,"52,690",2024,5,Rojo,Francia
Tesla Model Y Long Range AWD,"52,810",2025,0,Blanco,España
Tesla Model Y Long Range AWD,"52,980",2025,0,Negro,Francia
Tesla Model Y Long Range AWD,"53,050",2024,26,Blanco,España
Tesla Model Y Long Range AWD,"53,060",2025,0,Negro,España
Tesla Model Y Long Range AWD,"53,060",2024,12,Negro,España
Tesla Model Y Long Range AWD,"53,090",2025,4,Negro,Francia
Tesla Model Y Long Range AWD,"53,090",2024,10,Negro,España
Tesla Model Y Performance,"53,510",2024,9,Negro,Francia
Tesla Model Y Long Range RWD,"53,575",2024,5,Negro,Portugal
Tesla Model Y Long Range AWD,"53,795",2024,0,Azul,Portugal
Tesla Model Y Performance,"53,990",2025,0,Blanco,Francia
Tesla Model Y Long Range AWD,"54,035",2024,4,Azul,Portugal
Tesla Model Y Long Range AWD,"54,125",2025,0,Rojo,Portugal
Tesla Model Y Long Range AWD,"54,280",2025,5,Negro,Francia
Tesla Model Y Performance,"54,770",2024,0,Rojo,Francia
Tesla Model Y Performance,"54,770",2024,59,Desconocido,Francia
Tesla Model Y Long Range AWD,"54,910",2024,565,Blanco,España
Tesla Model Y Long Range AWD,"55,005",2024,"3,976",Azul,Portugal
Tesla Model Y Long Range AWD,"55,070",2025,7,Blanco,España
Tesla Model Y Long Range AWD,"55,070",2024,10,Blanco,España
Tesla Model Y Long Range AWD,"55,070",2023,28,Blanco,España
Tesla Model Y Performance,"55,180",2024,0,Blanco,Francia
Tesla Model Y Performance,"55,220",2024,"2,276",Blanco,España
Tesla Model Y Long Range AWD,"55,230",2024,4,Rojo,Francia
Tesla Model Y Performance,"55,290",2025,0,Negro,Francia
Tesla Model Y Performance,"55,290",2025,4,Azul,Francia
Tesla Model Y Performance,"55,340",2024,0,Blanco,Francia
Tesla Model Y Long Range AWD,"55,455",2025,4,Blanco,Portugal
Tesla Model Y Long Range AWD,"55,460",2024,9,Blanco,España
Tesla Model Y Performance,"55,710",2024,0,Blanco,España
Tesla Model Y Performance,"56,080",2024,9,Desconocido,Francia
Tesla Model Y Long Range AWD,"56,215",2024,0,Azul,Portugal
Tesla Model Y Long Range AWD,"56,230",2024,831,Desconocido,España
Tesla Model Y Long Range AWD,"56,420",2025,0,Blanco,España
Tesla Model Y Performance,"56,440",2025,7,Desconocido,Francia
Tesla Model Y Performance,"56,480",2025,2,Negro,Francia
Tesla Model Y Performance,"56,590",2025,0,Desconocido,Francia
Tesla Model Y Performance,"56,590",2024,12,Rojo,Francia
Tesla Model Y Performance,"56,640",2025,0,Negro,Francia
Tesla Model Y Performance,"56,810",2024,612,Azul,España
Tesla Model Y Long Range AWD,"56,920",2025,4,Desconocido,España
Tesla Model Y Performance,"56,950",2024,10,Desconocido,España
Tesla Model Y Performance,"56,950",2024,95,Desconocido,España
Tesla Model Y Performance,"57,700",2024,10,Negro,España
Tesla Model Y Performance,"57,780",2025,0,Rojo,Francia
Tesla Model Y Performance,"57,940",2025,2,Desconocido,Francia
Tesla Model Y Performance,"58,500",2024,7,Blanco,España
Tesla Model Y Long Range AWD,"58,735",2025,4,Negro,Portugal
Tesla Model Y Performance,"58,960",2024,179,Rojo,España
Tesla Model Y Performance,"58,970",2025,0,Blanco,España
Tesla Model Y Performance,"58,970",2024,9,Azul,España
Tesla Model Y Performance,"58,975",2025,0,Blanco,Portugal
Tesla Model Y Long Range AWD,"59,290",2025,4,Azul,Francia
Tesla Model Y Performance,"59,440",2024,54,Desconocido,España
Tesla Model Y Performance,"60,275",2025,5,Negro,Portugal
Tesla Model Y Performance,"60,390",2025,5,Desconocido,Francia
Tesla Model Y Performance,"61,475",2025,4,Negro,Portugal
Tesla Model Y Performance,"61,475",2024,7,Azul,Portugal
Tesla Model Y Performance,"61,490",2025,4,Blanco,Francia
Tesla Model Y Performance,"61,500",2024,395,Negro,España
Tesla Model Y Performance,"61,575",2025,4,Rojo,Portugal
Tesla Model Y Performance,"61,620",2024,6,Negro,España
Tesla Model Y Performance,"62,620",2024,9,Rojo,España
Tesla Model Y Performance,"62,825",2024,9,Azul,Portugal
Tesla Model Y Performance,"62,930",2025,2,Desconocido,Francia
Tesla Model Y Performance,"64,815",2024,13,Azul,Portugal
Tesla Model Y Performance,"66,420",2024,10,Rojo,España
Tesla Model Y Performance,"67,775",2025,4,Negro,Portugal
