,Modelo,Precio,Color,Pais,Kilometraje,Velocidad
0,Model 3,36500.0,Azul,España,19700,377 kW (513 CV)
1,Model 3,29700.0,Azul,España,21318,324 kW (441 CV)
2,Model 3,25990.0,Azul,España,63000,324 kW (441 CV)
3,Model 3,21500.0,Azul,España,129446,239 kW (325 CV)
4,Model 3,25850.0,Azul,España,93000,350 kW (476 CV)
5,Model 3,28990.0,Azul,España,39413,324 kW (441 CV)
6,Model 3,25640.0,Azul,España,47479,239 kW (325 CV)
7,Model 3,26790.0,Azul,España,57671,208 kW (283 CV)
8,Model 3,25940.0,Azul,España,124839,324 kW (441 CV)
9,Model 3,27500.0,Azul,España,39000,324 kW (441 CV)
10,Model 3,38636.0,Azul,España,2490,208 kW (283 CV)
11,Model 3,28490.0,Azul,España,62000,208 kW (283 CV)
12,Model 3,28490.0,Azul,España,62000,208 kW (283 CV)
13,Model 3,26790.0,Azul,España,57671,208 kW (283 CV)
14,Model 3,28490.0,Azul,España,62000,208 kW (283 CV)
15,Model 3,28490.0,Azul,España,62000,208 kW (283 CV)
16,Model 3,25850.0,Azul,España,93000,350 kW (476 CV)
17,Model 3,28490.0,Azul,España,47479,239 kW (325 CV)
18,Model 3,28490.0,Azul,España,62000,208 kW (283 CV)
19,Model 3,25850.0,Azul,España,93000,350 kW (476 CV)
20,Model 3,25640.0,Azul,España,47479,239 kW (325 CV)
21,Model 3,28490.0,Azul,España,62000,208 kW (283 CV)
22,Model 3,26790.0,Azul,España,57671,208 kW (283 CV)
23,Model 3,28490.0,Azul,España,62000,208 kW (283 CV)
24,Model 3,25640.0,Azul,España,47479,239 kW (325 CV)
25,Model 3,26790.0,Azul,España,57671,208 kW (283 CV)
26,Model 3,27850.0,Azul,España,65000,202 kW (275 CV)
27,Model 3,26790.0,Azul,España,57671,208 kW (283 CV)
28,Model 3,27950.0,Azul,España,57000,202 kW (275 CV)
29,Model 3,28490.0,Azul,España,62000,208 kW (283 CV)
30,Model 3,27950.0,Azul,España,57000,202 kW (275 CV)
31,Model 3,32800.0,Azul,España,145000,340 kW (462 CV)
32,Model 3,27950.0,Azul,España,57000,202 kW (275 CV)
33,Model 3,26790.0,Azul,España,57671,208 kW (283 CV)
34,Model 3,26790.0,Azul,España,57671,208 kW (283 CV)
35,Model 3,26790.0,Azul,España,57671,208 kW (283 CV)
36,Model 3,28490.0,Azul,España,62000,208 kW (283 CV)
37,Model 3,27850.0,Azul,España,65000,202 kW (275 CV)
38,Model 3,28490.0,Azul,España,47479,239 kW (325 CV)
39,Model 3,27850.0,Azul,España,65000,202 kW (275 CV)
40,Model 3,33990.0,Azul,España,60000,367 kW (499 CV)
41,Model 3,37000.0,Azul,España,43000,366 kW (498 CV)
42,Model 3,38636.0,Azul,España,2490,208 kW (283 CV)
43,Model 3,38636.0,Azul,España,2490,208 kW (283 CV)
44,Model 3,38636.0,Azul,España,2490,208 kW (283 CV)
45,Model 3,38636.0,Azul,España,2490,208 kW (283 CV)
46,Model 3,38636.0,Azul,España,2490,208 kW (283 CV)
47,Model 3,38636.0,Azul,España,2490,208 kW (283 CV)
48,Model 3,38636.0,Azul,España,2490,208 kW (283 CV)
49,Model 3,31500.0,Azul,España,49000,239 kW (325 CV)
50,Model 3,38636.0,Azul,España,2490,208 kW (283 CV)
51,Model 3,38636.0,Azul,España,2490,208 kW (283 CV)
52,Model 3,38636.0,Azul,España,2490,208 kW (283 CV)
53,Model 3,38636.0,Azul,España,2490,208 kW (283 CV)
54,Model 3,38636.0,Azul,España,2490,208 kW (283 CV)
55,Model 3,38636.0,Azul,España,2490,208 kW (283 CV)
56,Model 3,38636.0,Azul,España,2490,208 kW (283 CV)
57,Model 3,38636.0,Azul,España,2490,208 kW (283 CV)
58,Model 3,38636.0,Azul,España,2490,208 kW (283 CV)
59,Model 3,38636.0,Azul,España,2490,208 kW (283 CV)
60,Model 3,24990.0,Azul,Francia,104500,331 kW (450 CV)
61,Model 3,23999.0,Azul,Francia,57000,202 kW (275 CV)
62,Model 3,29500.0,Azul,Francia,8800,195 kW (265 CV)
63,Model 3,29990.0,Azul,Francia,33000,203 kW (276 CV)
64,Model 3,25990.0,Azul,Francia,86557,258 kW (351 CV)
65,Model 3,29000.0,Azul,Francia,82000,355 kW (483 CV)
66,Model 3,32500.0,Azul,Francia,19950,202 kW (275 CV)
67,Model 3,29990.0,Azul,Francia,45700,202 kW (275 CV)
68,Model 3,29000.0,Azul,Francia,65200,202 kW (275 CV)
69,Model 3,31700.0,Azul,Francia,51516,366 kW (498 CV)
70,Model 3,30000.0,Azul,Francia,110000,377 kW (513 CV)
71,Model 3,30990.0,Azul,Francia,72086,351 kW (477 CV)
72,Model 3,28500.0,Azul,Italia,35000,153 kW (208 CV)
73,Model 3,25500.0,Azul,Italia,142000,366 kW (498 CV)
74,Model 3,23900.0,Azul,Italia,89000,153 kW (208 CV)
75,Model 3,37500.0,Azul,Italia,20500,153 kW (208 CV)
76,Model 3,23900.0,Azul,Italia,89000,153 kW (208 CV)
77,Model 3,32800.0,Azul,Italia,11500,88 kW (120 CV)
78,Model 3,27000.0,Azul,Italia,34000,100 kW (136 CV)
79,Model 3,29000.0,Azul,Italia,72000,153 kW (208 CV)
80,Model 3,32500.0,Azul,Italia,110000,155 kW (211 CV)
81,Model 3,26900.0,Azul,Italia,69900,153 kW (208 CV)
82,Model 3,33950.0,Azul,Italia,38999,88 kW (120 CV)
83,Model 3,26000.0,Azul,Italia,110000,153 kW (208 CV)
84,Model 3,31800.0,Azul,Italia,66200,153 kW (208 CV)
85,Model 3,26000.0,Azul,Italia,245000,153 kW (208 CV)
86,Model 3,34900.0,Azul,Italia,40000,153 kW (208 CV)
87,Model 3,32000.0,Azul,Italia,55000,153 kW (208 CV)
88,Model 3,34500.0,Azul,Italia,35000,153 kW (208 CV)
89,Model 3,26000.0,Azul,Italia,113000,310 kW (421 CV)
90,Model 3,26600.0,Azul,Italia,100000,153 kW (208 CV)
91,Model 3,31500.0,Azul,Italia,82192,350 kW (476 CV)
92,Model 3,27000.0,Azul,Italia,144000,258 kW (351 CV)
93,Model 3,29000.0,Azul,Italia,208000,153 kW (208 CV)
94,Model 3,27500.0,Azul,Italia,68500,88 kW (120 CV)
95,Model 3,34500.0,Azul,Italia,79985,155 kW (211 CV)
96,Model 3,35950.0,Azul,Italia,30999,153 kW (208 CV)
97,Model 3,41500.0,Azul,Italia,52000,340 kW (462 CV)
98,Model 3,37350.0,Azul,Italia,31000,155 kW (211 CV)
99,Model 3,37900.0,Azul,Italia,13000,258 kW (351 CV)
100,Model 3,25900.0,Azul,Italia,112000,153 kW (208 CV)
101,Model 3,46000.0,Azul,Italia,1400,153 kW (208 CV)
102,Model 3,37000.0,Azul,Italia,12500,88 kW (120 CV)
103,Model 3,30900.0,Azul,Italia,42241,153 kW (208 CV)
104,Model 3,24265.0,Azul,Italia,95000,155 kW (211 CV)
105,Model 3,23999.0,Azul,Italia,98000,100 kW (136 CV)
106,Model 3,28990.0,Rojo,España,60000,350 kW (476 CV)
107,Model 3,23490.0,Rojo,España,49990,225 kW (306 CV)
108,Model 3,27000.0,Rojo,España,127156,324 kW (441 CV)
109,Model 3,32900.0,Rojo,España,64000,377 kW (513 CV)
110,Model 3,46900.0,Rojo,España,35,258 kW (351 CV)
111,Model 3,22490.0,Rojo,España,87000,199 kW (271 CV)
112,Model 3,31490.0,Rojo,España,39398,208 kW (283 CV)
113,Model 3,22490.0,Rojo,España,87000,199 kW (271 CV)
114,Model 3,48900.0,Rojo,España,35,288 kW (392 CV)
115,Model 3,43900.0,Rojo,España,16500,324 kW (441 CV)
116,Model 3,27900.0,Rojo,España,125000,324 kW (441 CV)
117,Model 3,33490.0,Rojo,España,74910,377 kW (513 CV)
118,Model 3,31490.0,Rojo,España,39398,208 kW (283 CV)
119,Model 3,22490.0,Rojo,España,87000,199 kW (271 CV)
120,Model 3,29990.0,Rojo,España,123000,377 kW (513 CV)
121,Model 3,22490.0,Rojo,España,87000,199 kW (271 CV)
122,Model 3,22490.0,Rojo,España,87000,199 kW (271 CV)
123,Model 3,22490.0,Rojo,España,87000,199 kW (271 CV)
124,Model 3,22490.0,Rojo,España,87000,199 kW (271 CV)
125,Model 3,22490.0,Rojo,España,87000,199 kW (271 CV)
126,Model 3,31490.0,Rojo,España,39398,208 kW (283 CV)
127,Model 3,34400.0,Rojo,España,57522,324 kW (441 CV)
128,Model 3,22490.0,Rojo,España,87000,199 kW (271 CV)
129,Model 3,29900.0,Rojo,España,61046,254 kW (345 CV)
130,Model 3,34000.0,Rojo,Francia,55000,202 kW (275 CV)
131,Model 3,28990.0,Rojo,Francia,31952,88 kW (120 CV)
132,Model 3,34990.0,Rojo,Francia,35500,368 kW (500 CV)
133,Model 3,24490.0,Rojo,Francia,92370,340 kW (462 CV)
134,Model 3,39980.0,Rojo,Francia,45000,207 kW (281 CV)
135,Model 3,40990.0,Rojo,Francia,27000,377 kW (513 CV)
136,Model 3,27790.0,Rojo,Francia,74923,258 kW (351 CV)
137,Model 3,31990.0,Rojo,Francia,66954,351 kW (477 CV)
138,Model 3,28500.0,Rojo,Francia,29000,202 kW (275 CV)
139,Model 3,32800.0,Rojo,Francia,12450,202 kW (275 CV)
140,Model 3,30540.0,Rojo,Francia,44934,88 kW (120 CV)
141,Model 3,28000.0,Rojo,Francia,99500,340 kW (462 CV)
142,Model 3,31900.0,Rojo,Italia,51000,153 kW (208 CV)
143,Model 3,30900.0,Rojo,Italia,29374,153 kW (208 CV)
144,Model 3,25000.0,Rojo,Italia,68000,88 kW (120 CV)
145,Model 3,28900.0,Rojo,Italia,20000,88 kW (120 CV)
146,Model 3,40000.0,Rojo,Italia,27100,153 kW (208 CV)
147,Model 3,27990.0,Rojo,Italia,116000,153 kW (208 CV)
148,Model 3,24800.0,Rojo,Italia,297000,153 kW (208 CV)
149,Model 3,23000.0,Rojo,Italia,158000,153 kW (208 CV)
150,Model 3,41399.0,Rojo,Italia,48590,155 kW (211 CV)
151,Model 3,27500.0,Rojo,Italia,115000,153 kW (208 CV)
152,Model 3,26000.0,Rojo,Italia,143000,153 kW (208 CV)
153,Model 3,25990.0,Rojo,Italia,77000,88 kW (120 CV)
154,Model 3,22900.0,Rojo,Italia,98000,153 kW (208 CV)
155,Model 3,28900.0,Rojo,Italia,47153,153 kW (208 CV)
156,Model 3,23990.0,Blanco,España,126000,239 kW (325 CV)
157,Model 3,22999.0,Blanco,España,71000,239 kW (325 CV)
158,Model 3,28990.0,Blanco,España,169800,377 kW (513 CV)
159,Model 3,25000.0,Blanco,España,100000,324 kW (441 CV)
160,Model 3,31990.0,Blanco,España,29000,208 kW (283 CV)
161,Model 3,35000.0,Blanco,España,13000,283 kW (385 CV)
162,Model 3,32990.0,Blanco,España,421,188 kW (256 CV)
163,Model 3,25990.0,Blanco,España,62000,350 kW (476 CV)
164,Model 3,25990.0,Blanco,España,62000,350 kW (476 CV)
165,Model 3,28990.0,Blanco,España,57000,324 kW (441 CV)
166,Model 3,27990.0,Blanco,España,44998,208 kW (283 CV)
167,Model 3,28900.0,Blanco,España,52000,377 kW (513 CV)
168,Model 3,24900.0,Blanco,España,88000,239 kW (325 CV)
169,Model 3,35990.0,Blanco,España,33900,377 kW (513 CV)
170,Model 3,34900.0,Blanco,España,55000,461 kW (627 CV)
171,Model 3,27490.0,Blanco,España,60000,350 kW (476 CV)
172,Model 3,25990.0,Blanco,España,62000,350 kW (476 CV)
173,Model 3,25490.0,Blanco,España,84188,366 kW (498 CV)
174,Model 3,27490.0,Blanco,España,60000,350 kW (476 CV)
175,Model 3,26090.0,Blanco,España,27277,225 kW (306 CV)
176,Model 3,32990.0,Blanco,España,421,188 kW (256 CV)
177,Model 3,27490.0,Blanco,España,60000,350 kW (476 CV)
178,Model 3,27990.0,Blanco,España,53000,324 kW (441 CV)
179,Model 3,27990.0,Blanco,España,44998,208 kW (283 CV)
180,Model 3,27990.0,Blanco,España,44998,208 kW (283 CV)
181,Model 3,28000.0,Blanco,España,100000,324 kW (441 CV)
182,Model 3,25999.0,Blanco,España,70000,258 kW (351 CV)
183,Model 3,28990.0,Blanco,España,36000,350 kW (476 CV)
184,Model 3,27490.0,Blanco,España,60000,350 kW (476 CV)
185,Model 3,27490.0,Blanco,España,60000,350 kW (476 CV)
186,Model 3,27490.0,Blanco,España,60000,350 kW (476 CV)
187,Model 3,27990.0,Blanco,España,44998,208 kW (283 CV)
188,Model 3,27490.0,Blanco,España,60000,350 kW (476 CV)
189,Model 3,27490.0,Blanco,España,60000,350 kW (476 CV)
190,Model 3,27490.0,Blanco,España,60000,350 kW (476 CV)
191,Model 3,26090.0,Blanco,España,27277,225 kW (306 CV)
192,Model 3,32900.0,Blanco,España,58000,258 kW (351 CV)
193,Model 3,46900.0,Blanco,España,1,258 kW (351 CV)
194,Model 3,27990.0,Blanco,España,44998,208 kW (283 CV)
195,Model 3,27990.0,Blanco,España,44998,208 kW (283 CV)
196,Model 3,25990.0,Blanco,España,87523,350 kW (476 CV)
197,Model 3,25450.0,Blanco,España,113000,350 kW (476 CV)
198,Model 3,32990.0,Blanco,España,421,188 kW (256 CV)
199,Model 3,30450.0,Blanco,España,110000,324 kW (441 CV)
200,Model 3,29850.0,Blanco,España,26000,324 kW (441 CV)
201,Model 3,27990.0,Blanco,España,44998,208 kW (283 CV)
202,Model 3,26090.0,Blanco,España,27277,225 kW (306 CV)
203,Model 3,32990.0,Blanco,España,421,188 kW (256 CV)
204,Model 3,29850.0,Blanco,España,26000,324 kW (441 CV)
205,Model 3,23900.0,Blanco,España,130000,211 kW (287 CV)
206,Model 3,23900.0,Blanco,España,95000,239 kW (325 CV)
207,Model 3,25990.0,Blanco,España,87523,350 kW (476 CV)
208,Model 3,32990.0,Blanco,España,421,188 kW (256 CV)
209,Model 3,29900.0,Blanco,España,88000,239 kW (325 CV)
210,Model 3,27990.0,Blanco,España,44998,208 kW (283 CV)
211,Model 3,34500.0,Blanco,España,49900,258 kW (351 CV)
212,Model 3,28990.0,Blanco,España,36000,350 kW (476 CV)
213,Model 3,27990.0,Blanco,España,44998,208 kW (283 CV)
214,Model 3,26090.0,Blanco,España,27277,225 kW (306 CV)
215,Model 3,32990.0,Blanco,España,421,188 kW (256 CV)
216,Model 3,25990.0,Blanco,España,87523,350 kW (476 CV)
217,Model 3,28990.0,Blanco,España,36000,350 kW (476 CV)
218,Model 3,25490.0,Blanco,España,84188,366 kW (498 CV)
219,Model 3,32990.0,Blanco,España,421,188 kW (256 CV)
220,Model 3,25990.0,Blanco,España,87523,350 kW (476 CV)
221,Model 3,34182.0,Blanco,España,37418,324 kW (441 CV)
222,Model 3,27990.0,Blanco,España,78436,340 kW (462 CV)
223,Model 3,28990.0,Blanco,España,36000,350 kW (476 CV)
224,Model 3,28990.0,Blanco,España,36000,350 kW (476 CV)
225,Model 3,32990.0,Blanco,España,421,188 kW (256 CV)
226,Model 3,25990.0,Blanco,España,87523,350 kW (476 CV)
227,Model 3,35500.0,Blanco,España,65000,324 kW (441 CV)
228,Model 3,25490.0,Blanco,España,84188,366 kW (498 CV)
229,Model 3,36000.0,Blanco,España,49600,324 kW (441 CV)
230,Model 3,25490.0,Blanco,España,84188,366 kW (498 CV)
231,Model 3,26090.0,Blanco,España,27277,225 kW (306 CV)
232,Model 3,32990.0,Blanco,España,421,188 kW (256 CV)
233,Model 3,25990.0,Blanco,España,87523,350 kW (476 CV)
234,Model 3,25990.0,Blanco,España,87523,350 kW (476 CV)
235,Model 3,25990.0,Blanco,España,87523,350 kW (476 CV)
236,Model 3,28990.0,Blanco,España,36000,350 kW (476 CV)
237,Model 3,25990.0,Blanco,España,87523,350 kW (476 CV)
238,Model 3,24900.0,Blanco,España,120000,239 kW (325 CV)
239,Model 3,33900.0,Blanco,España,77000,377 kW (513 CV)
240,Model 3,25490.0,Blanco,España,84188,366 kW (498 CV)
241,Model 3,26850.0,Blanco,España,77000,350 kW (476 CV)
242,Model 3,29490.0,Blanco,España,63776,225 kW (306 CV)
243,Model 3,29490.0,Blanco,España,63776,225 kW (306 CV)
244,Model 3,29850.0,Blanco,España,26000,324 kW (441 CV)
245,Model 3,28990.0,Blanco,España,36000,350 kW (476 CV)
246,Model 3,28990.0,Blanco,España,36000,350 kW (476 CV)
247,Model 3,25490.0,Blanco,España,84188,366 kW (498 CV)
248,Model 3,30490.0,Blanco,España,42901,350 kW (476 CV)
249,Model 3,32975.0,Blanco,España,69000,350 kW (476 CV)
250,Model 3,30490.0,Blanco,España,42901,350 kW (476 CV)
251,Model 3,25490.0,Blanco,España,84188,366 kW (498 CV)
252,Model 3,46900.0,Blanco,España,1,288 kW (392 CV)
253,Model 3,25490.0,Blanco,España,84188,366 kW (498 CV)
254,Model 3,25450.0,Blanco,España,113000,350 kW (476 CV)
255,Model 3,25490.0,Blanco,España,84188,366 kW (498 CV)
256,Model 3,34900.0,Blanco,España,28000,324 kW (441 CV)
257,Model 3,30490.0,Blanco,España,42901,350 kW (476 CV)
258,Model 3,29490.0,Blanco,España,63776,225 kW (306 CV)
259,Model 3,28991.0,Blanco,España,98226,324 kW (441 CV)
260,Model 3,29490.0,Blanco,España,63776,225 kW (306 CV)
261,Model 3,30490.0,Blanco,España,42901,350 kW (476 CV)
262,Model 3,25450.0,Blanco,España,113000,350 kW (476 CV)
263,Model 3,34182.0,Blanco,España,37418,324 kW (441 CV)
264,Model 3,29490.0,Blanco,España,63776,225 kW (306 CV)
265,Model 3,29490.0,Blanco,España,63776,225 kW (306 CV)
266,Model 3,34182.0,Blanco,España,37418,324 kW (441 CV)
267,Model 3,34182.0,Blanco,España,37418,324 kW (441 CV)
268,Model 3,28990.0,Blanco,España,36000,350 kW (476 CV)
269,Model 3,29490.0,Blanco,España,63776,225 kW (306 CV)
270,Model 3,30490.0,Blanco,España,42901,350 kW (476 CV)
271,Model 3,30490.0,Blanco,España,42901,350 kW (476 CV)
272,Model 3,30490.0,Blanco,España,42901,350 kW (476 CV)
273,Model 3,30490.0,Blanco,España,42901,350 kW (476 CV)
274,Model 3,34182.0,Blanco,España,37418,324 kW (441 CV)
275,Model 3,34182.0,Blanco,España,37418,324 kW (441 CV)
276,Model 3,31500.0,Blanco,España,14000,239 kW (325 CV)
277,Model 3,34182.0,Blanco,España,37418,324 kW (441 CV)
278,Model 3,34182.0,Blanco,España,37418,324 kW (441 CV)
279,Model 3,34182.0,Blanco,España,37418,324 kW (441 CV)
280,Model 3,34182.0,Blanco,España,37418,324 kW (441 CV)
281,Model 3,24990.0,Blanco,España,180000,324 kW (441 CV)
282,Model 3,29490.0,Blanco,España,63776,225 kW (306 CV)
283,Model 3,27900.0,Blanco,España,116000,239 kW (325 CV)
284,Model 3,34182.0,Blanco,España,37418,324 kW (441 CV)
285,Model 3,26850.0,Blanco,España,77000,324 kW (441 CV)
286,Model 3,34182.0,Blanco,España,37418,324 kW (441 CV)
287,Model 3,34182.0,Blanco,España,37418,324 kW (441 CV)
288,Model 3,26850.0,Blanco,España,77000,324 kW (441 CV)
289,Model 3,34182.0,Blanco,España,37418,324 kW (441 CV)
290,Model 3,28991.0,Blanco,España,98226,324 kW (441 CV)
291,Model 3,34182.0,Blanco,España,37418,324 kW (441 CV)
292,Model 3,34182.0,Blanco,España,37418,324 kW (441 CV)
293,Model 3,28991.0,Blanco,España,98226,324 kW (441 CV)
294,Model 3,28991.0,Blanco,España,98226,324 kW (441 CV)
295,Model 3,28991.0,Blanco,España,98226,324 kW (441 CV)
296,Model 3,30490.0,Blanco,España,42901,350 kW (476 CV)
297,Model 3,29490.0,Blanco,España,63776,225 kW (306 CV)
298,Model 3,28991.0,Blanco,España,98226,324 kW (441 CV)
299,Model 3,39909.0,Blanco,España,48523,324 kW (441 CV)
300,Model 3,28991.0,Blanco,España,98226,324 kW (441 CV)
301,Model 3,28991.0,Blanco,España,98226,324 kW (441 CV)
302,Model 3,28991.0,Blanco,España,98226,324 kW (441 CV)
303,Model 3,28991.0,Blanco,España,98226,324 kW (441 CV)
304,Model 3,28991.0,Blanco,España,98226,324 kW (441 CV)
305,Model 3,28991.0,Blanco,España,98226,324 kW (441 CV)
306,Model 3,28991.0,Blanco,España,98226,324 kW (441 CV)
307,Model 3,28991.0,Blanco,España,98226,324 kW (441 CV)
308,Model 3,28991.0,Blanco,España,98226,324 kW (441 CV)
309,Model 3,28991.0,Blanco,España,98226,324 kW (441 CV)
310,Model 3,28991.0,Blanco,España,98226,324 kW (441 CV)
311,Model 3,28991.0,Blanco,España,98226,324 kW (441 CV)
312,Model 3,28991.0,Blanco,España,98226,324 kW (441 CV)
313,Model 3,28991.0,Blanco,España,98226,324 kW (441 CV)
314,Model 3,28991.0,Blanco,España,98226,324 kW (441 CV)
315,Model 3,28991.0,Blanco,España,98226,324 kW (441 CV)
316,Model 3,28991.0,Blanco,España,98226,324 kW (441 CV)
317,Model 3,33900.0,Blanco,España,77000,360 kW (489 CV)
318,Model 3,28991.0,Blanco,España,98226,324 kW (441 CV)
319,Model 3,28991.0,Blanco,España,98226,324 kW (441 CV)
320,Model 3,28991.0,Blanco,España,98226,324 kW (441 CV)
321,Model 3,34500.0,Blanco,España,39900,324 kW (441 CV)
322,Model 3,28991.0,Blanco,España,98226,324 kW (441 CV)
323,Model 3,39900.0,Blanco,España,8900,239 kW (325 CV)
324,Model 3,33920.0,Blanco,Francia,34000,88 kW (120 CV)
325,Model 3,26990.0,Blanco,Francia,50000,240 kW (326 CV)
326,Model 3,27990.0,Blanco,Francia,28000,203 kW (276 CV)
327,Model 3,29990.0,Blanco,Francia,13000,209 kW (284 CV)
328,Model 3,30990.0,Blanco,Francia,19500,208 kW (283 CV)
329,Model 3,25990.0,Blanco,Francia,71800,- kW (- CV)
330,Model 3,31690.0,Blanco,Francia,63000,- kW (- CV)
331,Model 3,29990.0,Blanco,Francia,22592,202 kW (275 CV)
332,Model 3,31990.0,Blanco,Francia,76600,340 kW (462 CV)
333,Model 3,35990.0,Blanco,Francia,17000,- kW (- CV)
334,Model 3,23690.0,Blanco,Francia,85575,203 kW (276 CV)
335,Model 3,35500.0,Blanco,Francia,23600,280 kW (381 CV)
336,Model 3,25500.0,Blanco,Francia,99800,202 kW (275 CV)
337,Model 3,27000.0,Blanco,Francia,93000,340 kW (462 CV)
338,Model 3,26800.0,Blanco,Francia,54866,202 kW (275 CV)
339,Model 3,37900.0,Blanco,Francia,30000,208 kW (283 CV)
340,Model 3,37500.0,Blanco,Francia,12000,88 kW (120 CV)
341,Model 3,25990.0,Blanco,Francia,70000,- kW (- CV)
342,Model 3,30000.0,Blanco,Francia,37000,202 kW (275 CV)
343,Model 3,27990.0,Blanco,Francia,66500,202 kW (275 CV)
344,Model 3,37500.0,Blanco,Francia,8500,202 kW (275 CV)
345,Model 3,36000.0,Blanco,Francia,12000,202 kW (275 CV)
346,Model 3,29890.0,Blanco,Francia,51154,88 kW (120 CV)
347,Model 3,26490.0,Blanco,Francia,83061,208 kW (283 CV)
348,Model 3,32900.0,Blanco,Francia,8000,202 kW (275 CV)
349,Model 3,26990.0,Blanco,Francia,51921,226 kW (307 CV)
350,Model 3,31100.0,Blanco,Francia,28534,340 kW (462 CV)
351,Model 3,25700.0,Blanco,Francia,134000,340 kW (462 CV)
352,Model 3,31000.0,Blanco,Francia,20000,202 kW (275 CV)
353,Model 3,35000.0,Blanco,Francia,10054,210 kW (286 CV)
354,Model 3,28500.0,Blanco,Francia,107980,360 kW (489 CV)
355,Model 3,32990.0,Blanco,Francia,68000,258 kW (351 CV)
356,Model 3,38900.0,Blanco,Francia,24400,393 kW (534 CV)
357,Model 3,33990.0,Blanco,Francia,30000,202 kW (275 CV)
358,Model 3,29990.0,Blanco,Francia,51125,340 kW (462 CV)
359,Model 3,28000.0,Blanco,Francia,77000,202 kW (275 CV)
360,Model 3,25989.0,Blanco,Francia,100000,240 kW (326 CV)
361,Model 3,32200.0,Blanco,Francia,42000,202 kW (275 CV)
362,Model 3,29900.0,Blanco,Francia,86731,251 kW (341 CV)
363,Model 3,34990.0,Blanco,Francia,54000,360 kW (489 CV)
364,Model 3,31990.0,Blanco,Francia,62000,340 kW (462 CV)
365,Model 3,31990.0,Blanco,Francia,115000,340 kW (462 CV)
366,Model 3,37800.0,Blanco,Francia,29500,368 kW (500 CV)
367,Model 3,34490.0,Blanco,Francia,45000,209 kW (284 CV)
368,Model 3,29680.0,Blanco,Francia,99624,350 kW (476 CV)
369,Model 3,31800.0,Blanco,Francia,48700,202 kW (275 CV)
370,Model 3,29000.0,Blanco,Francia,45384,202 kW (275 CV)
371,Model 3,30990.0,Blanco,Francia,57180,351 kW (477 CV)
372,Model 3,35490.0,Blanco,Francia,38727,155 kW (211 CV)
373,Model 3,30990.0,Blanco,Francia,88342,351 kW (477 CV)
374,Model 3,29900.0,Blanco,Francia,130000,355 kW (483 CV)
375,Model 3,23900.0,Blanco,Francia,69000,239 kW (325 CV)
376,Model 3,23500.0,Blanco,Francia,81080,340 kW (462 CV)
377,Model 3,28900.0,Blanco,Italia,68800,153 kW (208 CV)
378,Model 3,27900.0,Blanco,Italia,99000,155 kW (211 CV)
379,Model 3,25499.0,Blanco,Italia,128000,155 kW (211 CV)
380,Model 3,31900.0,Blanco,Italia,62375,153 kW (208 CV)
381,Model 3,39900.0,Blanco,Italia,1,88 kW (120 CV)
382,Model 3,30000.0,Blanco,Italia,43500,88 kW (120 CV)
383,Model 3,26100.0,Blanco,Italia,89000,88 kW (120 CV)
384,Model 3,42900.0,Blanco,Italia,25841,155 kW (211 CV)
385,Model 3,27800.0,Blanco,Italia,59719,153 kW (208 CV)
386,Model 3,29500.0,Blanco,Italia,54000,88 kW (120 CV)
387,Model 3,32000.0,Blanco,Italia,30806,155 kW (211 CV)
388,Model 3,39900.0,Blanco,Italia,1,88 kW (120 CV)
389,Model 3,27500.0,Blanco,Italia,58000,88 kW (120 CV)
390,Model 3,31000.0,Blanco,Italia,23133,88 kW (120 CV)
391,Model 3,30400.0,Blanco,Italia,31350,155 kW (211 CV)
392,Model 3,24900.0,Blanco,Italia,98000,153 kW (208 CV)
393,Model 3,26500.0,Blanco,Italia,61000,88 kW (120 CV)
394,Model 3,28500.0,Blanco,Italia,61000,153 kW (208 CV)
395,Model 3,25000.0,Blanco,Italia,114000,153 kW (208 CV)
396,Model 3,29568.0,Blanco,Italia,29989,88 kW (120 CV)
397,Model 3,27900.0,Blanco,Italia,18200,153 kW (208 CV)
398,Model 3,23000.0,Blanco,Italia,99000,153 kW (208 CV)
399,Model 3,23000.0,Blanco,Italia,81000,88 kW (120 CV)
400,Model 3,28000.0,Blanco,Italia,74000,153 kW (208 CV)
401,Model 3,33500.0,Blanco,Italia,49900,88 kW (120 CV)
402,Model 3,27700.0,Blanco,Italia,101379,153 kW (208 CV)
403,Model 3,21800.0,Blanco,Italia,210000,153 kW (208 CV)
404,Model 3,34000.0,Blanco,Italia,18000,155 kW (211 CV)
405,Model 3,30000.0,Blanco,Italia,99500,155 kW (211 CV)
406,Model 3,30990.0,Blanco,Italia,75000,153 kW (208 CV)
407,Model 3,30500.0,Blanco,Italia,79000,155 kW (211 CV)
408,Model 3,28500.0,Blanco,Italia,51333,153 kW (208 CV)
409,Model 3,29900.0,Blanco,Italia,60000,155 kW (211 CV)
410,Model 3,30990.0,Blanco,Italia,113000,155 kW (211 CV)
411,Model 3,23000.0,Blanco,Italia,218000,153 kW (208 CV)
412,Model 3,32999.0,Blanco,Italia,92000,155 kW (211 CV)
413,Model 3,33000.0,Blanco,Italia,20000,88 kW (120 CV)
414,Model 3,26000.0,Blanco,Italia,115000,331 kW (450 CV)
415,Model 3,27900.0,Blanco,Italia,365678,155 kW (211 CV)
416,Model 3,29900.0,Blanco,Italia,47320,239 kW (325 CV)
417,Model 3,23000.0,Blanco,Italia,98000,153 kW (208 CV)
418,Model 3,37950.0,Blanco,Italia,32335,155 kW (211 CV)
419,Model 3,35900.0,Blanco,Italia,45000,155 kW (211 CV)
420,Model 3,33000.0,Blanco,Italia,82500,155 kW (211 CV)
421,Model 3,29900.0,Blanco,Italia,46000,153 kW (208 CV)
422,Model 3,28300.0,Blanco,Italia,78445,100 kW (136 CV)
423,Model 3,37000.0,Blanco,Italia,59000,88 kW (120 CV)
424,Model 3,28500.0,Blanco,Italia,85000,153 kW (208 CV)
425,Model 3,38600.0,Blanco,Italia,42873,155 kW (211 CV)
426,Model 3,34900.0,Blanco,Italia,38500,155 kW (211 CV)
427,Model 3,24999.0,Blanco,Italia,92000,88 kW (120 CV)
428,Model 3,34400.0,Blanco,Italia,52000,155 kW (211 CV)
429,Model 3,33000.0,Blanco,Italia,62300,240 kW (326 CV)
430,Model 3,28000.0,Blanco,Italia,117000,153 kW (208 CV)
431,Model 3,28000.0,Blanco,Italia,59500,225 kW (306 CV)
432,Model 3,26000.0,Blanco,Italia,160000,155 kW (211 CV)
433,Model 3,34000.0,Blanco,Italia,68000,155 kW (211 CV)
434,Model 3,26000.0,Blanco,Italia,115000,153 kW (208 CV)
435,Model 3,33900.0,Blanco,Italia,25890,208 kW (283 CV)
436,Model 3,36000.0,Blanco,Italia,109000,375 kW (510 CV)
437,Model 3,33500.0,Blanco,Italia,30000,88 kW (120 CV)
438,Model 3,30490.0,Blanco,Italia,46385,153 kW (208 CV)
439,Model 3,30000.0,Blanco,Italia,148000,155 kW (211 CV)
440,Model 3,33900.0,Blanco,Italia,79000,155 kW (211 CV)
441,Model 3,29990.0,Blanco,Italia,88000,88 kW (120 CV)
442,Model 3,25499.0,Blanco,Italia,84700,88 kW (120 CV)
443,Model 3,33000.0,Blanco,Italia,25500,88 kW (120 CV)
444,Model 3,33500.0,Blanco,Italia,131000,155 kW (211 CV)
445,Model 3,30890.0,Blanco,Italia,108000,153 kW (208 CV)
446,Model 3,28800.0,Blanco,Italia,101379,153 kW (208 CV)
447,Model 3,31900.0,Blanco,Italia,45000,153 kW (208 CV)
448,Model 3,26190.0,Blanco,Italia,128000,239 kW (325 CV)
449,Model 3,32000.0,Blanco,Italia,78000,155 kW (211 CV)
450,Model 3,38000.0,Blanco,Italia,26000,153 kW (208 CV)
451,Model 3,31000.0,Blanco,Italia,99000,153 kW (208 CV)
452,Model 3,31000.0,Blanco,Italia,74000,153 kW (208 CV)
453,Model 3,29000.0,Blanco,Italia,120000,153 kW (208 CV)
454,Model 3,32000.0,Blanco,Italia,45000,88 kW (120 CV)
455,Model 3,28500.0,Blanco,Italia,113000,88 kW (120 CV)
456,Model 3,37000.0,Blanco,Italia,43000,368 kW (500 CV)
457,Model 3,29000.0,Blanco,Italia,170000,365 kW (496 CV)
458,Model 3,29900.0,Blanco,Italia,72000,153 kW (208 CV)
459,Model 3,33900.0,Blanco,Italia,69000,324 kW (441 CV)
460,Model 3,50499.0,Blanco,Italia,9300,155 kW (211 CV)
461,Model 3,30900.0,Blanco,Italia,105000,153 kW (208 CV)
462,Model 3,35200.0,Blanco,Italia,23000,88 kW (120 CV)
463,Model 3,31500.0,Blanco,Italia,52000,88 kW (120 CV)
464,Model 3,34200.0,Blanco,Italia,33000,88 kW (120 CV)
465,Model 3,38000.0,Blanco,Italia,55000,377 kW (513 CV)
466,Model 3,25000.0,Blanco,Italia,110000,88 kW (120 CV)
467,Model 3,29500.0,Blanco,Italia,82033,153 kW (208 CV)
468,Model 3,31000.0,Blanco,Italia,60000,153 kW (208 CV)
469,Model 3,29800.0,Blanco,Italia,52000,88 kW (120 CV)
470,Model 3,32500.0,Blanco,Italia,123806,153 kW (208 CV)
471,Model 3,33500.0,Blanco,Italia,48500,153 kW (208 CV)
472,Model 3,29500.0,Blanco,Italia,75000,153 kW (208 CV)
473,Model 3,24500.0,Blanco,Italia,108662,100 kW (136 CV)
474,Model 3,42000.0,Blanco,Italia,14600,155 kW (211 CV)
475,Model 3,35999.0,Blanco,Italia,65000,155 kW (211 CV)
476,Model 3,39500.0,Blanco,Italia,38433,155 kW (211 CV)
477,Model 3,30950.0,Blanco,Italia,56000,153 kW (208 CV)
478,Model 3,33500.0,Blanco,Italia,52800,153 kW (208 CV)
479,Model 3,38000.0,Blanco,Italia,17000,79 kW (107 CV)
480,Model 3,37000.0,Blanco,Italia,30000,153 kW (208 CV)
481,Model 3,37000.0,Blanco,Italia,36600,155 kW (211 CV)
482,Model 3,29000.0,Blanco,Italia,64000,88 kW (120 CV)
483,Model 3,32000.0,Blanco,Italia,85000,153 kW (208 CV)
484,Model 3,30900.0,Blanco,Italia,75370,153 kW (208 CV)
485,Model 3,35000.0,Blanco,Italia,56000,258 kW (351 CV)
486,Model 3,34900.0,Blanco,Italia,75000,153 kW (208 CV)
487,Model 3,28000.0,Blanco,Italia,155000,355 kW (483 CV)
488,Model 3,39000.0,Blanco,Italia,68628,153 kW (208 CV)
489,Model 3,35800.0,Blanco,Italia,70000,153 kW (208 CV)
490,Model 3,42900.0,Blanco,Italia,32800,88 kW (120 CV)
491,Model 3,29800.0,Blanco,Italia,98570,88 kW (120 CV)
492,Model 3,36500.0,Blanco,Italia,110000,153 kW (208 CV)
493,Model 3,32000.0,Blanco,Italia,85000,153 kW (208 CV)
494,Model 3,45500.0,Blanco,Italia,94000,153 kW (208 CV)
495,Model 3,39000.0,Blanco,Italia,27000,88 kW (120 CV)
496,Model 3,35000.0,Blanco,Italia,54000,153 kW (208 CV)
497,Model 3,44000.0,Blanco,Italia,16000,155 kW (211 CV)
498,Model 3,37000.0,Blanco,Italia,41000,155 kW (211 CV)
499,Model 3,36000.0,Blanco,Italia,70000,153 kW (208 CV)
500,Model 3,40000.0,Blanco,Italia,87300,155 kW (211 CV)
501,Model 3,24900.0,Blanco,Italia,43000,88 kW (120 CV)
502,Model 3,27000.0,Blanco,Italia,127000,155 kW (211 CV)
503,Model 3,20900.0,Blanco,Italia,245000,153 kW (208 CV)
504,Model 3,27700.0,Blanco,Italia,44900,88 kW (120 CV)
505,Model 3,29990.0,Blanco,Italia,38000,88 kW (120 CV)
506,Model 3,26900.0,Blanco,Italia,89000,153 kW (208 CV)
507,Model 3,25800.0,Blanco,Italia,147000,153 kW (208 CV)
508,Model 3,29500.0,Blanco,Italia,34800,153 kW (208 CV)
509,Model 3,26500.0,Blanco,Italia,88000,153 kW (208 CV)
510,Model 3,31000.0,Blanco,Italia,108000,384 kW (522 CV)
511,Model 3,18000.0,Blanco,Italia,190018,153 kW (208 CV)
512,Model 3,24500.0,Blanco,Italia,78000,88 kW (120 CV)
513,Model 3,22500.0,Blanco,Italia,130000,153 kW (208 CV)
514,Model 3,22500.0,Blanco,Italia,95000,88 kW (120 CV)
515,Model 3,35900.0,Blanco,Italia,20000,88 kW (120 CV)
516,Model 3,55500.0,Blanco,Italia,5300,153 kW (208 CV)
517,Model 3,19000.0,Blanco,Italia,156000,153 kW (208 CV)
518,Model 3,36000.0,Blanco,Italia,19500,208 kW (283 CV)
519,Model 3,29990.0,Negro,España,89000,377 kW (513 CV)
520,Model 3,49900.0,Negro,España,20000,324 kW (441 CV)
521,Model 3,24000.0,Negro,España,81990,377 kW (513 CV)
522,Model 3,21995.0,Negro,España,150000,324 kW (441 CV)
523,Model 3,21390.0,Negro,España,136000,206 kW (280 CV)
524,Model 3,29560.0,Negro,España,62120,239 kW (325 CV)
525,Model 3,23500.0,Negro,España,75000,206 kW (280 CV)
526,Model 3,30950.0,Negro,España,65500,338 kW (460 CV)
527,Model 3,33850.0,Negro,España,48000,376 kW (511 CV)
528,Model 3,33850.0,Negro,España,48000,376 kW (511 CV)
529,Model 3,31364.0,Negro,España,44974,324 kW (441 CV)
530,Model 3,32000.0,Negro,España,23000,239 kW (325 CV)
531,Model 3,27000.0,Negro,España,135000,340 kW (462 CV)
532,Model 3,31364.0,Negro,España,44974,324 kW (441 CV)
533,Model 3,31364.0,Negro,España,44974,324 kW (441 CV)
534,Model 3,27475.0,Negro,España,72000,350 kW (476 CV)
535,Model 3,24900.0,Negro,España,104900,324 kW (441 CV)
536,Model 3,31364.0,Negro,España,44974,324 kW (441 CV)
537,Model 3,36900.0,Negro,España,55000,377 kW (513 CV)
538,Model 3,31364.0,Negro,España,44974,324 kW (441 CV)
539,Model 3,33850.0,Negro,España,48000,376 kW (511 CV)
540,Model 3,30864.0,Negro,España,33340,239 kW (325 CV)
541,Model 3,31364.0,Negro,España,44974,324 kW (441 CV)
542,Model 3,33990.0,Negro,España,40000,377 kW (513 CV)
543,Model 3,31364.0,Negro,España,44974,324 kW (441 CV)
544,Model 3,28909.0,Negro,España,124645,239 kW (325 CV)
545,Model 3,28909.0,Negro,España,124645,239 kW (325 CV)
546,Model 3,28909.0,Negro,España,124645,239 kW (325 CV)
547,Model 3,28909.0,Negro,España,124645,239 kW (325 CV)
548,Model 3,31364.0,Negro,España,44974,324 kW (441 CV)
549,Model 3,28909.0,Negro,España,124645,239 kW (325 CV)
550,Model 3,28909.0,Negro,España,124645,239 kW (325 CV)
551,Model 3,31364.0,Negro,España,44974,324 kW (441 CV)
552,Model 3,30864.0,Negro,España,33340,239 kW (325 CV)
553,Model 3,31364.0,Negro,España,44974,324 kW (441 CV)
554,Model 3,30864.0,Negro,España,33340,239 kW (325 CV)
555,Model 3,30864.0,Negro,España,33340,239 kW (325 CV)
556,Model 3,30864.0,Negro,España,33340,239 kW (325 CV)
557,Model 3,31364.0,Negro,España,44974,324 kW (441 CV)
558,Model 3,31364.0,Negro,España,44974,324 kW (441 CV)
559,Model 3,31364.0,Negro,España,44974,324 kW (441 CV)
560,Model 3,28909.0,Negro,España,124645,239 kW (325 CV)
561,Model 3,28909.0,Negro,España,124645,239 kW (325 CV)
562,Model 3,28909.0,Negro,España,124645,239 kW (325 CV)
563,Model 3,28909.0,Negro,España,124645,239 kW (325 CV)
564,Model 3,30864.0,Negro,España,33340,239 kW (325 CV)
565,Model 3,30864.0,Negro,España,33340,239 kW (325 CV)
566,Model 3,24900.0,Negro,España,88000,239 kW (325 CV)
567,Model 3,28909.0,Negro,España,124645,239 kW (325 CV)
568,Model 3,30864.0,Negro,España,33340,239 kW (325 CV)
569,Model 3,31364.0,Negro,España,44974,324 kW (441 CV)
570,Model 3,31364.0,Negro,España,44974,324 kW (441 CV)
571,Model 3,39600.0,Negro,España,81000,361 kW (491 CV)
572,Model 3,31364.0,Negro,España,44974,324 kW (441 CV)
573,Model 3,31364.0,Negro,España,44974,324 kW (441 CV)
574,Model 3,24995.0,Negro,España,146765,190 kW (258 CV)
575,Model 3,28909.0,Negro,España,124645,239 kW (325 CV)
576,Model 3,28909.0,Negro,España,124645,239 kW (325 CV)
577,Model 3,30864.0,Negro,España,33340,239 kW (325 CV)
578,Model 3,30864.0,Negro,España,33340,239 kW (325 CV)
579,Model 3,31364.0,Negro,España,44974,324 kW (441 CV)
580,Model 3,28909.0,Negro,España,124645,239 kW (325 CV)
581,Model 3,28909.0,Negro,España,124645,239 kW (325 CV)
582,Model 3,36900.0,Negro,España,55000,377 kW (513 CV)
583,Model 3,31364.0,Negro,España,44974,324 kW (441 CV)
584,Model 3,31364.0,Negro,España,44974,324 kW (441 CV)
585,Model 3,30864.0,Negro,España,33340,239 kW (325 CV)
586,Model 3,30864.0,Negro,España,33340,239 kW (325 CV)
587,Model 3,28909.0,Negro,España,124645,239 kW (325 CV)
588,Model 3,30864.0,Negro,España,33340,239 kW (325 CV)
589,Model 3,30864.0,Negro,España,33340,239 kW (325 CV)
590,Model 3,30864.0,Negro,España,33340,239 kW (325 CV)
591,Model 3,27500.0,Negro,España,140000,324 kW (441 CV)
592,Model 3,30864.0,Negro,España,33340,239 kW (325 CV)
593,Model 3,30864.0,Negro,España,33340,239 kW (325 CV)
594,Model 3,30864.0,Negro,España,33340,239 kW (325 CV)
595,Model 3,30864.0,Negro,España,33340,239 kW (325 CV)
596,Model 3,30864.0,Negro,España,33340,239 kW (325 CV)
597,Model 3,36900.0,Negro,España,65000,239 kW (325 CV)
598,Model 3,30864.0,Negro,España,33340,239 kW (325 CV)
599,Model 3,35500.0,Negro,España,44580,239 kW (325 CV)
600,Model 3,25990.0,Negro,Francia,95000,- kW (- CV)
601,Model 3,22990.0,Negro,Francia,115000,321 kW (436 CV)
602,Model 3,31490.0,Negro,Francia,24300,203 kW (276 CV)
603,Model 3,38700.0,Negro,Francia,3500,377 kW (513 CV)
604,Model 3,22990.0,Negro,Francia,133000,225 kW (306 CV)
605,Model 3,42900.0,Negro,Francia,37000,378 kW (514 CV)
606,Model 3,24000.0,Negro,Francia,78720,225 kW (306 CV)
607,Model 3,29999.0,Negro,Francia,51000,239 kW (325 CV)
608,Model 3,29780.0,Negro,Francia,39055,239 kW (325 CV)
609,Model 3,28990.0,Negro,Francia,33000,240 kW (326 CV)
610,Model 3,30320.0,Negro,Francia,62817,377 kW (513 CV)
611,Model 3,37900.0,Negro,Francia,37000,393 kW (534 CV)
612,Model 3,28900.0,Negro,Francia,59000,239 kW (325 CV)
613,Model 3,34990.0,Negro,Francia,9900,209 kW (284 CV)
614,Model 3,33990.0,Negro,Francia,41000,367 kW (499 CV)
615,Model 3,33000.0,Negro,Francia,76500,355 kW (483 CV)
616,Model 3,31500.0,Negro,Francia,68000,340 kW (462 CV)
617,Model 3,36990.0,Negro,Francia,68397,155 kW (211 CV)
618,Model 3,27700.0,Negro,Francia,93277,225 kW (306 CV)
619,Model 3,30990.0,Negro,Francia,90000,226 kW (307 CV)
620,Model 3,27990.0,Negro,Francia,70572,254 kW (345 CV)
621,Model 3,33990.0,Negro,Francia,47751,155 kW (211 CV)
622,Model 3,42840.0,Negro,Francia,34300,239 kW (325 CV)
623,Model 3,29300.0,Negro,Italia,64000,153 kW (208 CV)
624,Model 3,29500.0,Negro,Italia,80000,155 kW (211 CV)
625,Model 3,41999.0,Negro,Italia,18800,155 kW (211 CV)
626,Model 3,24250.0,Negro,Italia,110000,153 kW (208 CV)
627,Model 3,31990.0,Negro,Italia,45000,88 kW (120 CV)
628,Model 3,20000.0,Negro,Italia,178000,155 kW (211 CV)
629,Model 3,29900.0,Negro,Italia,61000,153 kW (208 CV)
630,Model 3,32950.0,Negro,Italia,33162,153 kW (208 CV)
631,Model 3,24000.0,Negro,Italia,93000,153 kW (208 CV)
632,Model 3,34900.0,Negro,Italia,49000,258 kW (351 CV)
633,Model 3,28900.0,Negro,Italia,40000,153 kW (208 CV)
634,Model 3,32950.0,Negro,Italia,33162,153 kW (208 CV)
635,Model 3,26490.0,Negro,Italia,62000,88 kW (120 CV)
636,Model 3,30000.0,Negro,Italia,40000,88 kW (120 CV)
637,Model 3,35000.0,Negro,Italia,19000,153 kW (208 CV)
638,Model 3,30500.0,Negro,Italia,90000,258 kW (351 CV)
639,Model 3,29800.0,Negro,Italia,65550,153 kW (208 CV)
640,Model 3,31999.0,Negro,Italia,46877,153 kW (208 CV)
641,Model 3,27999.0,Negro,Italia,62500,100 kW (136 CV)
642,Model 3,29999.0,Negro,Italia,94340,155 kW (211 CV)
643,Model 3,33400.0,Negro,Italia,31151,88 kW (120 CV)
644,Model 3,31900.0,Negro,Italia,51000,153 kW (208 CV)
645,Model 3,21900.0,Negro,Italia,156200,153 kW (208 CV)
646,Model 3,25900.0,Negro,Italia,120000,153 kW (208 CV)
647,Model 3,44900.0,Negro,Italia,12900,375 kW (510 CV)
648,Model 3,36000.0,Negro,Italia,50000,155 kW (211 CV)
649,Model 3,32000.0,Negro,Italia,68000,155 kW (211 CV)
650,Model 3,30400.0,Negro,Italia,78680,155 kW (211 CV)
651,Model 3,35500.0,Negro,Italia,70000,377 kW (513 CV)
652,Model 3,33000.0,Negro,Italia,40000,88 kW (120 CV)
653,Model 3,36000.0,Negro,Italia,20000,88 kW (120 CV)
654,Model 3,34400.0,Negro,Italia,36000,153 kW (208 CV)
655,Model 3,30000.0,Negro,Italia,138000,155 kW (211 CV)
656,Model 3,27000.0,Negro,Italia,140000,153 kW (208 CV)
657,Model 3,39500.0,Negro,Italia,53000,153 kW (208 CV)
658,Model 3,35500.0,Negro,Italia,28000,88 kW (120 CV)
659,Model 3,42000.0,Negro,Italia,60000,155 kW (211 CV)
660,Model 3,40500.0,Negro,Italia,17000,155 kW (211 CV)
661,Model 3,26500.0,Negro,Italia,121000,88 kW (120 CV)
662,Model 3,36900.0,Negro,Italia,25000,60 kW (82 CV)
663,Model 3,28900.0,Negro,Italia,140000,88 kW (120 CV)
664,Model 3,38900.0,Negro,Italia,44000,350 kW (476 CV)
665,Model 3,29000.0,Negro,Italia,90000,153 kW (208 CV)
666,Model 3,25400.0,Negro,Italia,68600,153 kW (208 CV)
667,Model 3,27500.0,Negro,Italia,52000,350 kW (476 CV)
668,Model 3,19500.0,Negro,Italia,198000,153 kW (208 CV)
669,Model 3,36900.0,Negro,Italia,19000,88 kW (120 CV)
670,Model 3,20990.0,Negro,Italia,203000,153 kW (208 CV)
671,Model 3,32290.0,Negro,Italia,35000,88 kW (120 CV)
672,Model 3,28333.0,Negro,Italia,91500,153 kW (208 CV)
673,Model 3,40000.0,Negro,Italia,20103,375 kW (510 CV)
674,Model 3,21500.0,Gris,España,128084,239 kW (325 CV)
675,Model 3,26990.0,Gris,España,44900,350 kW (476 CV)
676,Model 3,35995.0,Gris,España,10000,324 kW (441 CV)
677,Model 3,24850.0,Gris,España,128000,350 kW (476 CV)
678,Model 3,34000.0,Gris,España,29019,476 kW (647 CV)
679,Model 3,32300.0,Gris,España,49990,338 kW (460 CV)
680,Model 3,25990.0,Gris,España,119012,324 kW (441 CV)
681,Model 3,27950.0,Gris,España,53000,202 kW (275 CV)
682,Model 3,32000.0,Gris,España,70000,324 kW (441 CV)
683,Model 3,26490.0,Gris,España,68000,239 kW (325 CV)
684,Model 3,36900.0,Gris,España,59990,377 kW (513 CV)
685,Model 3,36999.0,Gris,España,59000,461 kW (627 CV)
686,Model 3,24900.0,Gris,España,88000,239 kW (325 CV)
687,Model 3,34445.0,Gris,España,55852,324 kW (441 CV)
688,Model 3,36500.0,Gris,España,46500,377 kW (513 CV)
689,Model 3,34445.0,Gris,España,55852,324 kW (441 CV)
690,Model 3,27950.0,Gris,España,53000,202 kW (275 CV)
691,Model 3,34445.0,Gris,España,55852,324 kW (441 CV)
692,Model 3,37490.0,Gris,España,58431,377 kW (513 CV)
693,Model 3,27950.0,Gris,España,53000,202 kW (275 CV)
694,Model 3,24850.0,Gris,España,128000,324 kW (441 CV)
695,Model 3,26990.0,Gris,España,138000,324 kW (441 CV)
696,Model 3,26490.0,Gris,España,68000,239 kW (325 CV)
697,Model 3,26490.0,Gris,España,68000,239 kW (325 CV)
698,Model 3,33990.0,Gris,España,74862,360 kW (489 CV)
699,Model 3,33990.0,Gris,España,74862,360 kW (489 CV)
700,Model 3,26490.0,Gris,España,68000,239 kW (325 CV)
701,Model 3,26490.0,Gris,España,68000,239 kW (325 CV)
702,Model 3,26490.0,Gris,España,68000,239 kW (325 CV)
703,Model 3,24850.0,Gris,España,128000,324 kW (441 CV)
704,Model 3,26490.0,Gris,España,68000,239 kW (325 CV)
705,Model 3,33990.0,Gris,España,74862,360 kW (489 CV)
706,Model 3,33990.0,Gris,España,74862,360 kW (489 CV)
707,Model 3,33990.0,Gris,España,74862,360 kW (489 CV)
708,Model 3,26490.0,Gris,España,68000,239 kW (325 CV)
709,Model 3,26490.0,Gris,España,68000,239 kW (325 CV)
710,Model 3,33990.0,Gris,España,74862,360 kW (489 CV)
711,Model 3,33990.0,Gris,España,74862,360 kW (489 CV)
712,Model 3,33990.0,Gris,España,74862,360 kW (489 CV)
713,Model 3,34990.0,Gris,España,30686,324 kW (441 CV)
714,Model 3,35990.0,Gris,España,74862,360 kW (489 CV)
715,Model 3,33990.0,Gris,España,74862,360 kW (489 CV)
716,Model 3,41500.0,Gris,España,29458,377 kW (513 CV)
717,Model 3,21990.0,Gris,Francia,142000,321 kW (436 CV)
718,Model 3,22990.0,Gris,Francia,122000,340 kW (462 CV)
719,Model 3,20400.0,Gris,Francia,118200,202 kW (275 CV)
720,Model 3,27000.0,Gris,Francia,43000,208 kW (283 CV)
721,Model 3,28000.0,Gris,Francia,30000,202 kW (275 CV)
722,Model 3,27000.0,Gris,Francia,72000,202 kW (275 CV)
723,Model 3,26990.0,Gris,Francia,22200,239 kW (325 CV)
724,Model 3,27990.0,Gris,Francia,84500,367 kW (499 CV)
725,Model 3,22990.0,Gris,Francia,169000,- kW (- CV)
726,Model 3,31500.0,Gris,Francia,48000,202 kW (275 CV)
727,Model 3,29990.0,Gris,Francia,50000,210 kW (286 CV)
728,Model 3,34000.0,Gris,Francia,64000,257 kW (349 CV)
729,Model 3,45700.0,Gris,Francia,6200,355 kW (483 CV)
730,Model 3,35990.0,Gris,Francia,35299,202 kW (275 CV)
731,Model 3,44900.0,Gris,Francia,16800,355 kW (483 CV)
732,Model 3,29900.0,Gris,Francia,67200,202 kW (275 CV)
733,Model 3,31190.0,Gris,Italia,61000,153 kW (208 CV)
734,Model 3,33200.0,Gris,Italia,58717,153 kW (208 CV)
735,Model 3,32900.0,Gris,Italia,51000,153 kW (208 CV)
736,Model 3,24000.0,Gris,Italia,190000,153 kW (208 CV)
737,Model 3,32900.0,Gris,Italia,30000,153 kW (208 CV)
738,Model 3,24900.0,Gris,Italia,174900,153 kW (208 CV)
739,Model 3,25000.0,Gris,Italia,95000,153 kW (208 CV)
740,Model 3,46000.0,Gris,Italia,19800,153 kW (208 CV)
741,Model 3,28990.0,Gris,Italia,50000,153 kW (208 CV)
742,Model 3,27000.0,Gris,Italia,93000,153 kW (208 CV)
743,Model 3,30000.0,Gris,Italia,65000,153 kW (208 CV)
744,Model 3,42600.0,Gris,Italia,10745,340 kW (462 CV)
745,Model 3,23000.0,Gris,Italia,180000,153 kW (208 CV)
746,Model 3,29000.0,Gris,Italia,90000,258 kW (351 CV)
747,Model 3,26000.0,Gris,Italia,119000,153 kW (208 CV)
748,Model 3,30000.0,Gris,Italia,91572,153 kW (208 CV)
749,Model 3,35500.0,Gris,Italia,14000,88 kW (120 CV)
750,Model 3,27990.0,Gris,Italia,99999,258 kW (351 CV)
751,Model 3,28000.0,Gris,Italia,125000,288 kW (392 CV)
752,Model 3,40300.0,Gris,Italia,16000,155 kW (211 CV)
753,Model 3,27900.0,Gris,Italia,140000,366 kW (498 CV)
754,Model 3,29000.0,Gris,Italia,97000,153 kW (208 CV)
755,Model 3,28500.0,Gris,Italia,60000,88 kW (120 CV)
756,Model 3,31900.0,Gris,Italia,80500,153 kW (208 CV)
757,Model 3,34900.0,Gris,Italia,55000,153 kW (208 CV)
758,Model 3,33900.0,Gris,Italia,104000,155 kW (211 CV)
759,Model 3,30000.0,Gris,Italia,91572,153 kW (208 CV)
760,Model 3,26900.0,Gris,Italia,95163,153 kW (208 CV)
761,Model 3,28500.0,Gris,Italia,90000,153 kW (208 CV)
762,Model 3,34888.0,Gris,Italia,30000,174 kW (237 CV)
763,Model 3,26000.0,Gris,Italia,119000,88 kW (120 CV)
764,Model 3,29900.0,Gris,Italia,33000,88 kW (120 CV)
765,Model 3,32500.0,Gris,Italia,127565,153 kW (208 CV)
766,Model 3,32500.0,Gris,Italia,80000,153 kW (208 CV)
767,Model 3,34900.0,Gris,Italia,90000,153 kW (208 CV)
768,Model 3,22000.0,Gris,Italia,126000,153 kW (208 CV)
769,Model 3,32870.0,Gris,Italia,47312,153 kW (208 CV)
770,Model 3,27500.0,Gris,Italia,87000,331 kW (450 CV)
771,Model 3,40000.0,Gris,Italia,38000,155 kW (211 CV)
772,Model 3,28500.0,Gris,Italia,59528,153 kW (208 CV)
773,Model S,32500.0,Azul,España,128000,245 kW (333 CV)
774,Model S,42900.0,Azul,España,109900,386 kW (525 CV)
775,Model S,34500.0,Azul,España,85000,310 kW (421 CV)
776,Model S,38890.0,Azul,España,89831,245 kW (333 CV)
777,Model S,47900.0,Azul,España,96000,386 kW (525 CV)
778,Model S,34800.0,Azul,Francia,174800,- kW (- CV)
779,Model S,22500.0,Azul,Francia,280200,270 kW (367 CV)
780,Model S,29990.0,Azul,Francia,101528,386 kW (525 CV)
781,Model S,37500.0,Azul,Francia,100300,311 kW (423 CV)
782,Model S,29900.0,Azul,Francia,174000,235 kW (320 CV)
783,Model S,26900.0,Azul,Italia,150000,320 kW (435 CV)
784,Model S,29990.0,Azul,Italia,118000,310 kW (421 CV)
785,Model S,36990.0,Azul,Italia,115000,135 kW (184 CV)
786,Model S,33600.0,Azul,Italia,71000,158 kW (215 CV)
787,Model S,96000.0,Azul,Italia,16000,735 kW (999 CV)
788,Model S,21900.0,Azul,Italia,390000,135 kW (184 CV)
789,Model S,40000.0,Azul,Italia,100000,158 kW (215 CV)
790,Model S,33500.0,Azul,Italia,283000,385 kW (523 CV)
791,Model S,37700.0,Azul,Italia,78300,135 kW (184 CV)
792,Model S,37900.0,Azul,Italia,95657,158 kW (215 CV)
793,Model S,39900.0,Azul,Italia,125000,306 kW (416 CV)
794,Model S,55000.0,Azul,Italia,143000,450 kW (612 CV)
795,Model S,51000.0,Azul,Italia,148000,450 kW (612 CV)
796,Model S,48500.0,Azul,Italia,64098,158 kW (215 CV)
797,Model S,27540.0,Azul,Italia,71000,158 kW (215 CV)
798,Model S,22900.0,Rojo,España,121000,245 kW (333 CV)
799,Model S,38900.0,Rojo,España,38000,386 kW (525 CV)
800,Model S,21990.0,Rojo,España,233000,386 kW (525 CV)
801,Model S,55900.0,Rojo,España,76800,568 kW (772 CV)
802,Model S,67000.0,Rojo,Francia,19000,169 kW (230 CV)
803,Model S,22900.0,Rojo,Francia,170900,315 kW (428 CV)
804,Model S,26500.0,Rojo,Francia,210900,515 kW (700 CV)
805,Model S,32990.0,Rojo,Francia,81200,311 kW (423 CV)
806,Model S,19000.0,Rojo,Francia,221000,285 kW (387 CV)
807,Model S,89880.0,Rojo,Francia,32500,750 kW (1.020 CV)
808,Model S,93836.0,Rojo,Francia,15153,623 kW (847 CV)
809,Model S,77990.0,Rojo,Francia,25636,504 kW (685 CV)
810,Model S,39900.0,Rojo,Italia,73013,158 kW (215 CV)
811,Model S,30950.0,Rojo,Italia,155000,158 kW (215 CV)
812,Model S,30900.0,Rojo,Italia,163000,158 kW (215 CV)
813,Model S,27700.0,Rojo,Italia,177000,135 kW (184 CV)
814,Model S,50000.0,Rojo,Italia,105000,158 kW (215 CV)
815,Model S,49900.0,Rojo,Italia,79257,169 kW (230 CV)
816,Model S,49500.0,Rojo,Italia,143227,158 kW (215 CV)
817,Model S,87400.0,Blanco,España,15040,750 kW (1.020 CV)
818,Model S,85200.0,Blanco,España,4430,493 kW (670 CV)
819,Model S,22555.0,Blanco,España,186000,310 kW (421 CV)
820,Model S,89900.0,Blanco,España,16000,750 kW (1.020 CV)
821,Model S,23000.0,Blanco,España,210000,311 kW (423 CV)
822,Model S,60900.0,Blanco,España,52000,585 kW (795 CV)
823,Model S,59800.0,Blanco,España,56000,449 kW (610 CV)
824,Model S,35500.0,Blanco,Francia,92000,310 kW (421 CV)
825,Model S,44900.0,Blanco,Francia,97984,421 kW (572 CV)
826,Model S,29900.0,Blanco,Francia,110867,158 kW (215 CV)
827,Model S,76490.0,Blanco,Francia,14534,493 kW (670 CV)
828,Model S,52900.0,Blanco,Francia,77900,568 kW (772 CV)
829,Model S,26999.0,Blanco,Italia,259000,135 kW (184 CV)
830,Model S,43500.0,Blanco,Italia,48000,169 kW (230 CV)
831,Model S,32000.0,Blanco,Italia,109000,79 kW (107 CV)
832,Model S,44900.0,Blanco,Italia,128000,169 kW (230 CV)
833,Model S,41700.0,Blanco,Italia,120000,135 kW (184 CV)
834,Model S,40000.0,Blanco,Italia,103000,457 kW (621 CV)
835,Model S,45000.0,Blanco,Italia,121000,169 kW (230 CV)
836,Model S,34400.0,Blanco,Italia,132000,135 kW (184 CV)
837,Model S,26000.0,Blanco,Italia,172000,135 kW (184 CV)
838,Model S,85000.0,Blanco,Italia,60000,218 kW (296 CV)
839,Model S,38500.0,Blanco,Italia,180000,241 kW (328 CV)
840,Model S,35500.0,Blanco,Italia,150000,135 kW (184 CV)
841,Model S,37500.0,Blanco,Italia,214000,135 kW (184 CV)
842,Model S,60000.0,Blanco,Italia,83000,136 kW (185 CV)
843,Model S,39500.0,Blanco,Italia,200000,158 kW (215 CV)
844,Model S,24950.0,Blanco,Italia,320433,310 kW (421 CV)
845,Model S,35500.0,Negro,España,68295,- kW (- CV)
846,Model S,10500.0,Negro,España,385000,270 kW (367 CV)
847,Model S,22500.0,Negro,España,188000,- kW (- CV)
848,Model S,22000.0,Negro,España,379000,568 kW (772 CV)
849,Model S,31000.0,Negro,España,114000,386 kW (525 CV)
850,Model S,25475.0,Negro,España,109000,285 kW (387 CV)
851,Model S,51900.0,Negro,España,59999,603 kW (820 CV)
852,Model S,36700.0,Negro,España,124000,310 kW (421 CV)
853,Model S,45900.0,Negro,España,49000,568 kW (772 CV)
854,Model S,51990.0,Negro,España,94000,568 kW (772 CV)
855,Model S,32490.0,Negro,España,68867,375 kW (510 CV)
856,Model S,45900.0,Negro,España,49000,568 kW (772 CV)
857,Model S,34500.0,Negro,España,70604,- kW (- CV)
858,Model S,32490.0,Negro,España,68867,375 kW (510 CV)
859,Model S,32490.0,Negro,España,68867,375 kW (510 CV)
860,Model S,34000.0,Negro,España,297000,283 kW (385 CV)
861,Model S,55990.0,Negro,España,66066,568 kW (772 CV)
862,Model S,42890.0,Negro,España,89500,100 kW (136 CV)
863,Model S,46500.0,Negro,España,96500,449 kW (610 CV)
864,Model S,36990.0,Negro,España,143350,386 kW (525 CV)
865,Model S,36990.0,Negro,España,143350,386 kW (525 CV)
866,Model S,48600.0,Negro,España,78590,225 kW (306 CV)
867,Model S,36990.0,Negro,España,143350,386 kW (525 CV)
868,Model S,38890.0,Negro,Francia,49900,310 kW (421 CV)
869,Model S,31990.0,Negro,Francia,116900,271 kW (368 CV)
870,Model S,89900.0,Negro,Francia,29200,751 kW (1.021 CV)
871,Model S,88980.0,Negro,Francia,22500,750 kW (1.020 CV)
872,Model S,33000.0,Negro,Francia,134500,311 kW (423 CV)
873,Model S,20950.0,Negro,Francia,144000,310 kW (421 CV)
874,Model S,84000.0,Negro,Francia,28602,750 kW (1.020 CV)
875,Model S,29990.0,Negro,Francia,133161,245 kW (333 CV)
876,Model S,21800.0,Negro,Francia,170000,310 kW (421 CV)
877,Model S,41000.0,Negro,Francia,148900,568 kW (772 CV)
878,Model S,79196.0,Negro,Francia,17538,504 kW (685 CV)
879,Model S,33990.0,Negro,Francia,55000,- kW (- CV)
880,Model S,28900.0,Negro,Francia,293000,235 kW (320 CV)
881,Model S,28900.0,Negro,Italia,106319,158 kW (215 CV)
882,Model S,33500.0,Negro,Italia,116000,135 kW (184 CV)
883,Model S,20000.0,Negro,Italia,115000,135 kW (184 CV)
884,Model S,25900.0,Negro,Italia,170000,135 kW (184 CV)
885,Model S,19900.0,Negro,Italia,350000,136 kW (185 CV)
886,Model S,77000.0,Negro,Italia,55000,493 kW (670 CV)
887,Model S,28900.0,Negro,Italia,170000,368 kW (500 CV)
888,Model S,26900.0,Negro,Italia,170000,306 kW (416 CV)
889,Model S,32900.0,Negro,Italia,135000,158 kW (215 CV)
890,Model S,20000.0,Negro,Italia,331204,310 kW (421 CV)
891,Model S,23600.0,Negro,Italia,257120,235 kW (320 CV)
892,Model S,26900.0,Negro,Italia,160000,353 kW (480 CV)
893,Model S,39900.0,Negro,Italia,66000,135 kW (184 CV)
894,Model S,29800.0,Negro,Italia,157274,241 kW (328 CV)
895,Model S,30500.0,Negro,Italia,160000,135 kW (184 CV)
896,Model S,42900.0,Negro,Italia,64000,158 kW (215 CV)
897,Model S,35900.0,Negro,Italia,192000,135 kW (184 CV)
898,Model S,22000.0,Negro,Italia,270640,135 kW (184 CV)
899,Model S,37700.0,Negro,Italia,88625,135 kW (184 CV)
900,Model S,31000.0,Negro,Italia,270000,79 kW (107 CV)
901,Model S,33900.0,Negro,Italia,157000,158 kW (215 CV)
902,Model S,38000.0,Negro,Italia,135000,136 kW (185 CV)
903,Model S,39900.0,Negro,Italia,106000,158 kW (215 CV)
904,Model S,39900.0,Negro,Italia,105000,135 kW (184 CV)
905,Model S,44900.0,Negro,Italia,60000,135 kW (184 CV)
906,Model S,105000.0,Negro,Italia,1800,357 kW (485 CV)
907,Model S,38000.0,Negro,Italia,135000,136 kW (185 CV)
908,Model S,42990.0,Negro,Italia,100000,169 kW (230 CV)
909,Model S,146900.0,Negro,Italia,10,750 kW (1.020 CV)
910,Model S,29000.0,Negro,Italia,290000,135 kW (184 CV)
911,Model S,38000.0,Negro,Italia,135000,136 kW (185 CV)
912,Model S,59000.0,Negro,Italia,196000,158 kW (215 CV)
913,Model S,45000.0,Negro,Italia,118000,158 kW (215 CV)
914,Model S,79900.0,Gris,España,15000,750 kW (1.020 CV)
915,Model S,39900.0,Gris,España,114000,568 kW (772 CV)
916,Model S,26900.0,Gris,España,134000,- kW (- CV)
917,Model S,26999.0,Gris,España,199000,507 kW (689 CV)
918,Model S,35000.0,Gris,España,171000,386 kW (525 CV)
919,Model S,39900.0,Gris,España,94000,310 kW (421 CV)
920,Model S,25990.0,Gris,España,140000,270 kW (367 CV)
921,Model S,28995.0,Gris,España,114000,270 kW (367 CV)
922,Model S,39890.0,Gris,España,114114,386 kW (525 CV)
923,Model S,79900.0,Gris,España,15000,750 kW (1.020 CV)
924,Model S,78990.0,Gris,España,39980,488 kW (663 CV)
925,Model S,36490.0,Gris,España,97000,- kW (- CV)
926,Model S,42500.0,Gris,España,125000,- kW (- CV)
927,Model S,42273.0,Gris,España,37500,245 kW (333 CV)
928,Model S,42273.0,Gris,España,37500,245 kW (333 CV)
929,Model S,42273.0,Gris,España,37500,245 kW (333 CV)
930,Model S,42273.0,Gris,España,37500,245 kW (333 CV)
931,Model S,42273.0,Gris,España,37500,245 kW (333 CV)
932,Model S,42273.0,Gris,España,37500,245 kW (333 CV)
933,Model S,42273.0,Gris,España,37500,245 kW (333 CV)
934,Model S,42273.0,Gris,España,37500,245 kW (333 CV)
935,Model S,42273.0,Gris,España,37500,245 kW (333 CV)
936,Model S,42273.0,Gris,España,37500,245 kW (333 CV)
937,Model S,42273.0,Gris,España,37500,245 kW (333 CV)
938,Model S,42273.0,Gris,España,37500,245 kW (333 CV)
939,Model S,42273.0,Gris,España,37500,245 kW (333 CV)
940,Model S,42273.0,Gris,España,37500,245 kW (333 CV)
941,Model S,42273.0,Gris,España,37500,245 kW (333 CV)
942,Model S,42273.0,Gris,España,37500,245 kW (333 CV)
943,Model S,42273.0,Gris,España,37500,245 kW (333 CV)
944,Model S,42273.0,Gris,España,37500,245 kW (333 CV)
945,Model S,42273.0,Gris,España,37500,245 kW (333 CV)
946,Model S,42273.0,Gris,España,37500,245 kW (333 CV)
947,Model S,42273.0,Gris,España,37500,245 kW (333 CV)
948,Model S,42273.0,Gris,España,37500,245 kW (333 CV)
949,Model S,28990.0,Gris,Francia,167000,235 kW (320 CV)
950,Model S,76400.0,Gris,Francia,1750,504 kW (685 CV)
951,Model S,26990.0,Gris,Francia,166100,235 kW (320 CV)
952,Model S,29985.0,Gris,Francia,89914,193 kW (262 CV)
953,Model S,33990.0,Gris,Francia,86307,386 kW (525 CV)
954,Model S,39990.0,Gris,Francia,143000,- kW (- CV)
955,Model S,38490.0,Gris,Francia,144500,568 kW (772 CV)
956,Model S,30500.0,Gris,Francia,120000,235 kW (320 CV)
957,Model S,46985.0,Gris,Francia,50000,310 kW (421 CV)
958,Model S,33990.0,Gris,Francia,86307,386 kW (525 CV)
959,Model S,42980.0,Gris,Francia,60750,310 kW (421 CV)
960,Model S,43900.0,Gris,Italia,66538,158 kW (215 CV)
961,Model S,32900.0,Gris,Italia,190000,135 kW (184 CV)
962,Model S,29900.0,Gris,Italia,176000,515 kW (700 CV)
963,Model S,33990.0,Gris,Italia,85000,158 kW (215 CV)
964,Model S,23000.0,Gris,Italia,178000,69 kW (94 CV)
965,Model S,39900.0,Gris,Italia,98000,158 kW (215 CV)
966,Model S,50000.0,Gris,Italia,38200,158 kW (215 CV)
967,Model S,28900.0,Gris,Italia,199000,135 kW (184 CV)
968,Model S,43900.0,Gris,Italia,183000,625 kW (850 CV)
969,Model S,38500.0,Gris,Italia,100000,158 kW (215 CV)
970,Model S,33900.0,Gris,Italia,248000,331 kW (450 CV)
971,Model S,46000.0,Gris,Italia,74000,169 kW (230 CV)
972,Model S,32000.0,Gris,Italia,107000,136 kW (185 CV)
973,Model S,55000.0,Gris,Italia,81000,610 kW (829 CV)
974,Model S,27990.0,Gris,Italia,140000,158 kW (215 CV)
975,Model S,52900.0,Gris,Italia,89106,569 kW (774 CV)
976,Model S,39500.0,Gris,Italia,156000,135 kW (184 CV)
977,Model S,28500.0,Gris,Italia,174626,135 kW (184 CV)
978,Model S,58900.0,Gris,Italia,83600,610 kW (829 CV)
979,Model S,33900.0,Gris,Italia,249000,136 kW (185 CV)
980,Model S,26900.0,Gris,Italia,96000,135 kW (184 CV)
981,Model X,41800.0,Azul,España,51827,38 kW (52 CV)
982,Model X,33900.0,Azul,España,240000,450 kW (612 CV)
983,Model X,45999.0,Azul,España,35000,386 kW (525 CV)
984,Model X,37900.0,Azul,España,74000,- kW (- CV)
985,Model X,49900.0,Azul,España,58500,386 kW (525 CV)
986,Model X,35900.0,Azul,España,91600,386 kW (525 CV)
987,Model X,54900.0,Azul,España,58000,386 kW (525 CV)
988,Model X,53000.0,Azul,España,70000,386 kW (525 CV)
989,Model X,39990.0,Azul,Francia,96500,386 kW (525 CV)
990,Model X,45900.0,Azul,Francia,117140,586 kW (797 CV)
991,Model X,42000.0,Azul,Francia,137200,386 kW (525 CV)
992,Model X,52000.0,Azul,Italia,105000,523 kW (711 CV)
993,Model X,94980.0,Azul,Italia,40000,218 kW (296 CV)
994,Model X,41500.0,Azul,Italia,148000,136 kW (185 CV)
995,Model X,54950.0,Azul,Italia,19700,158 kW (215 CV)
996,Model X,32990.0,Rojo,España,320000,450 kW (612 CV)
997,Model X,54999.0,Rojo,España,114999,450 kW (612 CV)
998,Model X,54900.0,Rojo,España,93000,585 kW (795 CV)
999,Model X,59999.0,Rojo,España,119990,- kW (- CV)
1000,Model X,44900.0,Rojo,España,109000,311 kW (423 CV)
1001,Model X,35000.0,Rojo,Francia,167500,152 kW (207 CV)
1002,Model X,36900.0,Rojo,Francia,198000,510 kW (693 CV)
1003,Model X,40000.0,Rojo,Italia,91300,135 kW (184 CV)
1004,Model X,38999.0,Blanco,España,110000,311 kW (423 CV)
1005,Model X,43900.0,Blanco,España,91000,568 kW (772 CV)
1006,Model X,82455.0,Blanco,España,32545,568 kW (772 CV)
1007,Model X,43990.0,Blanco,España,88024,567 kW (771 CV)
1008,Model X,42000.0,Blanco,España,64000,311 kW (423 CV)
1009,Model X,58590.0,Blanco,España,34162,386 kW (525 CV)
1010,Model X,47900.0,Blanco,España,52000,311 kW (423 CV)
1011,Model X,77990.0,Blanco,España,18000,493 kW (670 CV)
1012,Model X,37500.0,Blanco,España,205000,245 kW (333 CV)
1013,Model X,83000.0,Blanco,España,9094,371 kW (504 CV)
1014,Model X,58590.0,Blanco,España,34162,386 kW (525 CV)
1015,Model X,41000.0,Blanco,España,110000,245 kW (333 CV)
1016,Model X,44800.0,Blanco,España,170000,386 kW (525 CV)
1017,Model X,52990.0,Blanco,España,85000,386 kW (525 CV)
1018,Model X,58590.0,Blanco,España,34162,386 kW (525 CV)
1019,Model X,59900.0,Blanco,España,60000,386 kW (525 CV)
1020,Model X,58590.0,Blanco,España,34162,386 kW (525 CV)
1021,Model X,58590.0,Blanco,España,34162,386 kW (525 CV)
1022,Model X,58590.0,Blanco,España,34162,386 kW (525 CV)
1023,Model X,58590.0,Blanco,España,34162,386 kW (525 CV)
1024,Model X,58590.0,Blanco,España,34162,386 kW (525 CV)
1025,Model X,58590.0,Blanco,España,34162,386 kW (525 CV)
1026,Model X,58590.0,Blanco,España,34162,386 kW (525 CV)
1027,Model X,58590.0,Blanco,España,34162,386 kW (525 CV)
1028,Model X,58590.0,Blanco,España,34162,386 kW (525 CV)
1029,Model X,43900.0,Blanco,Francia,97990,386 kW (525 CV)
1030,Model X,27900.0,Blanco,Francia,275685,567 kW (771 CV)
1031,Model X,36500.0,Blanco,Francia,78000,306 kW (416 CV)
1032,Model X,54980.0,Blanco,Francia,34000,413 kW (562 CV)
1033,Model X,42500.0,Blanco,Francia,117886,386 kW (525 CV)
1034,Model X,56990.0,Blanco,Francia,82288,414 kW (563 CV)
1035,Model X,74990.0,Blanco,Francia,44000,440 kW (598 CV)
1036,Model X,140000.0,Blanco,Francia,1824,750 kW (1.020 CV)
1037,Model X,75900.0,Blanco,Francia,49931,193 kW (262 CV)
1038,Model X,71900.0,Blanco,Italia,61100,186 kW (253 CV)
1039,Model X,63900.0,Blanco,Italia,72000,158 kW (215 CV)
1040,Model X,59870.0,Blanco,Italia,84124,158 kW (215 CV)
1041,Model X,52500.0,Blanco,Italia,40000,186 kW (253 CV)
1042,Model X,38000.0,Blanco,Italia,54600,158 kW (215 CV)
1043,Model X,35900.0,Blanco,Italia,140000,158 kW (215 CV)
1044,Model X,39900.0,Blanco,Italia,179000,311 kW (423 CV)
1045,Model X,55600.0,Blanco,Italia,47000,169 kW (230 CV)
1046,Model X,38900.0,Blanco,Italia,205000,136 kW (185 CV)
1047,Model X,36000.0,Blanco,Italia,147607,136 kW (185 CV)
1048,Model X,42000.0,Blanco,Italia,113000,306 kW (416 CV)
1049,Model X,69900.0,Blanco,Italia,29000,100 kW (136 CV)
1050,Model X,55900.0,Blanco,Italia,99890,180 kW (245 CV)
1051,Model X,55000.0,Blanco,Italia,104000,136 kW (185 CV)
1052,Model X,56000.0,Blanco,Italia,92000,450 kW (612 CV)
1053,Model X,55000.0,Blanco,Italia,60500,158 kW (215 CV)
1054,Model X,50900.0,Blanco,Italia,119000,186 kW (253 CV)
1055,Model X,62900.0,Blanco,Italia,30838,492 kW (669 CV)
1056,Model X,84500.0,Blanco,Italia,28000,218 kW (296 CV)
1057,Model X,89000.0,Blanco,Italia,69000,218 kW (296 CV)
1058,Model X,51900.0,Blanco,Italia,81531,169 kW (230 CV)
1059,Model X,46000.0,Blanco,Italia,154000,386 kW (525 CV)
1060,Model X,57950.0,Blanco,Italia,75000,177 kW (241 CV)
1061,Model X,67500.0,Blanco,Italia,41000,368 kW (500 CV)
1062,Model X,70000.0,Blanco,Italia,33000,136 kW (185 CV)
1063,Model X,34900.0,Negro,España,79000,245 kW (333 CV)
1064,Model X,76900.0,Negro,España,10000,568 kW (772 CV)
1065,Model X,36900.0,Negro,España,90900,386 kW (525 CV)
1066,Model X,57900.0,Negro,España,54500,568 kW (772 CV)
1067,Model X,65900.0,Negro,España,14000,568 kW (772 CV)
1068,Model X,81900.0,Negro,España,10000,493 kW (670 CV)
1069,Model X,53890.0,Negro,España,43815,311 kW (423 CV)
1070,Model X,42900.0,Negro,España,165000,386 kW (525 CV)
1071,Model X,49900.0,Negro,España,133500,- kW (- CV)
1072,Model X,44900.0,Negro,España,129200,311 kW (423 CV)
1073,Model X,43990.0,Negro,Francia,156000,158 kW (215 CV)
1074,Model X,37890.0,Negro,Francia,169900,421 kW (572 CV)
1075,Model X,88998.0,Negro,Francia,32523,500 kW (680 CV)
1076,Model X,85450.0,Negro,Francia,21000,493 kW (670 CV)
1077,Model X,46990.0,Negro,Francia,49617,- kW (- CV)
1078,Model X,111900.0,Negro,Francia,8817,750 kW (1.020 CV)
1079,Model X,104950.0,Negro,Francia,1150,492 kW (669 CV)
1080,Model X,119980.0,Negro,Francia,3000,750 kW (1.020 CV)
1081,Model X,106400.0,Negro,Francia,2000,350 kW (476 CV)
1082,Model X,61900.0,Negro,Italia,57000,158 kW (215 CV)
1083,Model X,37000.0,Negro,Italia,108525,136 kW (185 CV)
1084,Model X,52000.0,Negro,Italia,95000,158 kW (215 CV)
1085,Model X,35000.0,Negro,Italia,180000,136 kW (185 CV)
1086,Model X,45000.0,Negro,Italia,86000,283 kW (385 CV)
1087,Model X,55900.0,Negro,Italia,110000,169 kW (230 CV)
1088,Model X,42000.0,Negro,Italia,177000,136 kW (185 CV)
1089,Model X,110000.0,Negro,Italia,21000,750 kW (1.020 CV)
1090,Model X,43900.0,Negro,Italia,127000,158 kW (215 CV)
1091,Model X,45000.0,Negro,Italia,180000,136 kW (185 CV)
1092,Model X,99000.0,Negro,Italia,42392,218 kW (296 CV)
1093,Model X,49300.0,Negro,Italia,189000,386 kW (525 CV)
1094,Model X,79900.0,Negro,Italia,56000,136 kW (185 CV)
1095,Model X,63200.0,Negro,Italia,43000,136 kW (185 CV)
1096,Model X,71700.0,Negro,Italia,43000,136 kW (185 CV)
1097,Model X,39999.0,Negro,Italia,73000,350 kW (476 CV)
1098,Model X,28995.0,Gris,España,175268,245 kW (333 CV)
1099,Model X,54900.0,Gris,España,58000,423 kW (575 CV)
1100,Model X,34990.0,Gris,España,99000,- kW (- CV)
1101,Model X,37500.0,Gris,España,130000,311 kW (423 CV)
1102,Model X,37900.0,Gris,España,102000,- kW (- CV)
1103,Model X,37499.0,Gris,España,180000,282 kW (383 CV)
1104,Model X,40920.0,Gris,España,84179,568 kW (772 CV)
1105,Model X,259900.0,Gris,España,1,621 kW (844 CV)
1106,Model X,45000.0,Gris,España,28000,245 kW (333 CV)
1107,Model X,51000.0,Gris,España,83901,386 kW (525 CV)
1108,Model X,50818.0,Gris,España,51426,311 kW (423 CV)
1109,Model X,75900.0,Gris,Francia,7800,310 kW (421 CV)
1110,Model X,48000.0,Gris,Francia,90000,413 kW (562 CV)
1111,Model X,43000.0,Gris,Francia,110000,510 kW (693 CV)
1112,Model X,54990.0,Gris,Francia,45596,413 kW (562 CV)
1113,Model X,37900.0,Gris,Francia,100000,- kW (- CV)
1114,Model X,99990.0,Gris,Francia,22500,736 kW (1.001 CV)
1115,Model X,99990.0,Gris,Francia,41000,751 kW (1.021 CV)
1116,Model X,70900.0,Gris,Francia,80905,493 kW (670 CV)
1117,Model X,49900.0,Gris,Italia,121000,180 kW (245 CV)
1118,Model X,43500.0,Gris,Italia,148500,158 kW (215 CV)
1119,Model X,35000.0,Gris,Italia,93000,136 kW (185 CV)
1120,Model X,36890.0,Gris,Italia,97972,158 kW (215 CV)
1121,Model X,42900.0,Gris,Italia,100000,136 kW (185 CV)
1122,Model X,46900.0,Gris,Italia,108000,136 kW (185 CV)
1123,Model X,51900.0,Gris,Italia,2228,136 kW (185 CV)
1124,Model X,43000.0,Gris,Italia,149400,380 kW (517 CV)
1125,Model X,46900.0,Gris,Italia,80386,136 kW (185 CV)
1126,Model X,47950.0,Gris,Italia,116727,186 kW (253 CV)
1127,Model X,65000.0,Gris,Italia,75300,180 kW (245 CV)
1128,Model X,40000.0,Gris,Italia,205000,136 kW (185 CV)
1129,Model Y,34475.0,Azul,España,63000,350 kW (476 CV)
1130,Model Y,37990.0,Azul,Francia,2000,220 kW (299 CV)
1131,Model Y,35400.0,Azul,Francia,23000,221 kW (300 CV)
1132,Model Y,46000.0,Azul,Italia,32450,153 kW (208 CV)
1133,Model Y,44500.0,Azul,Italia,39500,355 kW (483 CV)
1134,Model Y,45800.0,Azul,Italia,39000,153 kW (208 CV)
1135,Model Y,44900.0,Azul,Italia,54000,155 kW (211 CV)
1136,Model Y,59000.0,Azul,Italia,22000,155 kW (211 CV)
1137,Model Y,47000.0,Azul,Italia,17500,153 kW (208 CV)
1138,Model Y,42900.0,Azul,Italia,60000,153 kW (208 CV)
1139,Model Y,41990.0,Azul,Italia,20300,88 kW (120 CV)
1140,Model Y,70000.0,Azul,Italia,10,155 kW (211 CV)
1141,Model Y,29950.0,Rojo,España,96000,217 kW (295 CV)
1142,Model Y,29950.0,Rojo,España,96000,217 kW (295 CV)
1143,Model Y,29950.0,Rojo,España,96000,217 kW (295 CV)
1144,Model Y,29950.0,Rojo,España,96000,217 kW (295 CV)
1145,Model Y,29950.0,Rojo,España,96000,217 kW (295 CV)
1146,Model Y,29950.0,Rojo,España,96000,217 kW (295 CV)
1147,Model Y,29950.0,Rojo,España,96000,217 kW (295 CV)
1148,Model Y,29950.0,Rojo,España,96000,217 kW (295 CV)
1149,Model Y,29950.0,Rojo,España,96000,217 kW (295 CV)
1150,Model Y,29950.0,Rojo,España,96000,217 kW (295 CV)
1151,Model Y,31990.0,Rojo,Francia,68000,202 kW (275 CV)
1152,Model Y,48300.0,Rojo,Francia,10839,378 kW (514 CV)
1153,Model Y,50216.0,Rojo,Francia,8897,378 kW (514 CV)
1154,Model Y,39000.0,Rojo,Francia,19441,206 kW (280 CV)
1155,Model Y,37500.0,Rojo,Italia,64000,88 kW (120 CV)
1156,Model Y,36900.0,Rojo,Italia,29000,239 kW (325 CV)
1157,Model Y,39900.0,Blanco,España,51900,353 kW (480 CV)
1158,Model Y,42500.0,Blanco,España,11000,188 kW (256 CV)
1159,Model Y,37850.0,Blanco,España,48000,258 kW (351 CV)
1160,Model Y,36273.0,Blanco,España,46686,188 kW (256 CV)
1161,Model Y,36273.0,Blanco,España,46686,188 kW (256 CV)
1162,Model Y,36273.0,Blanco,España,46686,188 kW (256 CV)
1163,Model Y,36273.0,Blanco,España,46686,188 kW (256 CV)
1164,Model Y,36273.0,Blanco,España,46686,188 kW (256 CV)
1165,Model Y,42718.0,Blanco,España,7925,188 kW (256 CV)
1166,Model Y,36273.0,Blanco,España,46686,188 kW (256 CV)
1167,Model Y,36273.0,Blanco,España,46686,188 kW (256 CV)
1168,Model Y,36273.0,Blanco,España,46686,188 kW (256 CV)
1169,Model Y,36273.0,Blanco,España,46686,188 kW (256 CV)
1170,Model Y,36273.0,Blanco,España,46686,188 kW (256 CV)
1171,Model Y,42718.0,Blanco,España,7925,188 kW (256 CV)
1172,Model Y,36273.0,Blanco,España,46686,188 kW (256 CV)
1173,Model Y,42718.0,Blanco,España,7925,188 kW (256 CV)
1174,Model Y,42718.0,Blanco,España,7925,188 kW (256 CV)
1175,Model Y,36273.0,Blanco,España,46686,188 kW (256 CV)
1176,Model Y,52900.0,Blanco,España,45000,378 kW (514 CV)
1177,Model Y,36273.0,Blanco,España,46686,188 kW (256 CV)
1178,Model Y,42718.0,Blanco,España,7925,188 kW (256 CV)
1179,Model Y,39045.0,Blanco,España,9294,188 kW (256 CV)
1180,Model Y,42718.0,Blanco,España,7925,188 kW (256 CV)
1181,Model Y,42718.0,Blanco,España,7925,188 kW (256 CV)
1182,Model Y,42718.0,Blanco,España,7925,188 kW (256 CV)
1183,Model Y,42718.0,Blanco,España,7925,188 kW (256 CV)
1184,Model Y,42718.0,Blanco,España,7925,188 kW (256 CV)
1185,Model Y,42718.0,Blanco,España,7925,188 kW (256 CV)
1186,Model Y,42718.0,Blanco,España,7925,188 kW (256 CV)
1187,Model Y,42718.0,Blanco,España,7925,188 kW (256 CV)
1188,Model Y,42718.0,Blanco,España,7925,188 kW (256 CV)
1189,Model Y,42718.0,Blanco,España,7925,188 kW (256 CV)
1190,Model Y,42718.0,Blanco,España,7925,188 kW (256 CV)
1191,Model Y,42718.0,Blanco,España,7925,188 kW (256 CV)
1192,Model Y,42718.0,Blanco,España,7925,188 kW (256 CV)
1193,Model Y,42718.0,Blanco,España,7925,188 kW (256 CV)
1194,Model Y,42718.0,Blanco,España,7925,188 kW (256 CV)
1195,Model Y,42718.0,Blanco,España,7925,188 kW (256 CV)
1196,Model Y,34999.0,Blanco,Francia,14500,220 kW (299 CV)
1197,Model Y,37900.0,Blanco,Francia,13000,125 kW (170 CV)
1198,Model Y,39990.0,Blanco,Francia,29000,393 kW (534 CV)
1199,Model Y,32990.0,Blanco,Francia,66200,130 kW (177 CV)
1200,Model Y,33290.0,Blanco,Francia,29800,220 kW (299 CV)
1201,Model Y,25990.0,Blanco,Francia,143248,221 kW (300 CV)
1202,Model Y,28800.0,Blanco,Francia,123951,202 kW (275 CV)
1203,Model Y,33990.0,Blanco,Francia,77000,158 kW (215 CV)
1204,Model Y,42500.0,Blanco,Francia,3000,92 kW (125 CV)
1205,Model Y,34500.0,Blanco,Francia,27420,150 kW (204 CV)
1206,Model Y,57026.0,Blanco,Francia,5,393 kW (534 CV)
1207,Model Y,39900.0,Blanco,Francia,1400,87 kW (118 CV)
1208,Model Y,41990.0,Blanco,Francia,17054,351 kW (477 CV)
1209,Model Y,44500.0,Blanco,Francia,39568,393 kW (534 CV)
1210,Model Y,37989.0,Blanco,Francia,57000,351 kW (477 CV)
1211,Model Y,46000.0,Blanco,Francia,19000,203 kW (276 CV)
1212,Model Y,39000.0,Blanco,Francia,18050,220 kW (299 CV)
1213,Model Y,42490.0,Blanco,Francia,25000,258 kW (351 CV)
1214,Model Y,34990.0,Blanco,Francia,17000,378 kW (514 CV)
1215,Model Y,35999.0,Blanco,Italia,73000,153 kW (208 CV)
1216,Model Y,32000.0,Blanco,Italia,41407,255 kW (347 CV)
1217,Model Y,49200.0,Blanco,Italia,35000,375 kW (510 CV)
1218,Model Y,45999.0,Blanco,Italia,20638,360 kW (489 CV)
1219,Model Y,39500.0,Blanco,Italia,8500,220 kW (299 CV)
1220,Model Y,36000.0,Blanco,Italia,74000,153 kW (208 CV)
1221,Model Y,44900.0,Blanco,Italia,65000,153 kW (208 CV)
1222,Model Y,39500.0,Blanco,Italia,50000,153 kW (208 CV)
1223,Model Y,36900.0,Blanco,Italia,51500,88 kW (120 CV)
1224,Model Y,39900.0,Blanco,Italia,29000,255 kW (347 CV)
1225,Model Y,45000.0,Blanco,Italia,32000,155 kW (211 CV)
1226,Model Y,37250.0,Blanco,Italia,57000,153 kW (208 CV)
1227,Model Y,40900.0,Blanco,Italia,80000,155 kW (211 CV)
1228,Model Y,33900.0,Blanco,Italia,89899,88 kW (120 CV)
1229,Model Y,42500.0,Blanco,Italia,56750,153 kW (208 CV)
1230,Model Y,35000.0,Blanco,Italia,115000,350 kW (476 CV)
1231,Model Y,35500.0,Blanco,Italia,30000,88 kW (120 CV)
1232,Model Y,38000.0,Blanco,Italia,100000,155 kW (211 CV)
1233,Model Y,39000.0,Blanco,Italia,80000,258 kW (351 CV)
1234,Model Y,46500.0,Blanco,Italia,19000,153 kW (208 CV)
1235,Model Y,41900.0,Blanco,Italia,41627,153 kW (208 CV)
1236,Model Y,38000.0,Blanco,Italia,21125,88 kW (120 CV)
1237,Model Y,47000.0,Blanco,Italia,55000,155 kW (211 CV)
1238,Model Y,41000.0,Blanco,Italia,69510,153 kW (208 CV)
1239,Model Y,50000.0,Blanco,Italia,22000,155 kW (211 CV)
1240,Model Y,47000.0,Blanco,Italia,19700,155 kW (211 CV)
1241,Model Y,38500.0,Blanco,Italia,44000,250 kW (340 CV)
1242,Model Y,41000.0,Blanco,Italia,8000,88 kW (120 CV)
1243,Model Y,40000.0,Blanco,Italia,63000,153 kW (208 CV)
1244,Model Y,36500.0,Blanco,Italia,78000,88 kW (120 CV)
1245,Model Y,38900.0,Blanco,Italia,110000,153 kW (208 CV)
1246,Model Y,45000.0,Blanco,Italia,40000,153 kW (208 CV)
1247,Model Y,45900.0,Blanco,Italia,15000,258 kW (351 CV)
1248,Model Y,50000.0,Blanco,Italia,41000,155 kW (211 CV)
1249,Model Y,44500.0,Blanco,Italia,52000,378 kW (514 CV)
1250,Model Y,47900.0,Blanco,Italia,20000,153 kW (208 CV)
1251,Model Y,47000.0,Blanco,Italia,19500,393 kW (534 CV)
1252,Model Y,47000.0,Blanco,Italia,19600,393 kW (534 CV)
1253,Model Y,44500.0,Blanco,Italia,30000,324 kW (441 CV)
1254,Model Y,45000.0,Blanco,Italia,32000,333 kW (453 CV)
1255,Model Y,50000.0,Blanco,Italia,21000,155 kW (211 CV)
1256,Model Y,50850.0,Blanco,Italia,52000,155 kW (211 CV)
1257,Model Y,45000.0,Blanco,Italia,53000,153 kW (208 CV)
1258,Model Y,34000.0,Blanco,Italia,50000,88 kW (120 CV)
1259,Model Y,32000.0,Blanco,Italia,41407,255 kW (347 CV)
1260,Model Y,31000.0,Blanco,Italia,30000,88 kW (120 CV)
1261,Model Y,29000.0,Blanco,Italia,101000,88 kW (120 CV)
1262,Model Y,36000.0,Blanco,Italia,27000,88 kW (120 CV)
1263,Model Y,39000.0,Blanco,Italia,87850,155 kW (211 CV)
1264,Model Y,44000.0,Blanco,Italia,35000,153 kW (208 CV)
1265,Model Y,38300.0,Blanco,Italia,30000,88 kW (120 CV)
1266,Model Y,35000.0,Blanco,Italia,49500,153 kW (208 CV)
1267,Model Y,35900.0,Negro,España,23000,378 kW (514 CV)
1268,Model Y,37900.0,Negro,España,38000,353 kW (480 CV)
1269,Model Y,35990.0,Negro,España,17000,188 kW (256 CV)
1270,Model Y,37990.0,Negro,España,47000,353 kW (480 CV)
1271,Model Y,37900.0,Negro,España,16000,220 kW (299 CV)
1272,Model Y,36500.0,Negro,España,10778,188 kW (256 CV)
1273,Model Y,32045.0,Negro,España,36413,188 kW (256 CV)
1274,Model Y,48900.0,Negro,España,14000,353 kW (480 CV)
1275,Model Y,32045.0,Negro,España,36413,188 kW (256 CV)
1276,Model Y,32045.0,Negro,España,36413,188 kW (256 CV)
1277,Model Y,32045.0,Negro,España,36413,188 kW (256 CV)
1278,Model Y,32045.0,Negro,España,36413,188 kW (256 CV)
1279,Model Y,32045.0,Negro,España,36413,188 kW (256 CV)
1280,Model Y,32045.0,Negro,España,36413,188 kW (256 CV)
1281,Model Y,44960.0,Negro,España,39847,353 kW (480 CV)
1282,Model Y,32045.0,Negro,España,36413,188 kW (256 CV)
1283,Model Y,32045.0,Negro,España,36413,188 kW (256 CV)
1284,Model Y,32045.0,Negro,España,36413,188 kW (256 CV)
1285,Model Y,32045.0,Negro,España,36413,188 kW (256 CV)
1286,Model Y,32045.0,Negro,España,36413,188 kW (256 CV)
1287,Model Y,32045.0,Negro,España,36413,188 kW (256 CV)
1288,Model Y,32045.0,Negro,España,36413,188 kW (256 CV)
1289,Model Y,44999.0,Negro,España,30000,353 kW (480 CV)
1290,Model Y,32045.0,Negro,España,36413,188 kW (256 CV)
1291,Model Y,32045.0,Negro,España,36413,188 kW (256 CV)
1292,Model Y,42490.0,Negro,España,7000,217 kW (295 CV)
1293,Model Y,32045.0,Negro,España,36413,188 kW (256 CV)
1294,Model Y,41900.0,Negro,España,12000,255 kW (347 CV)
1295,Model Y,42490.0,Negro,España,7000,217 kW (295 CV)
1296,Model Y,59900.0,Negro,España,10000,353 kW (480 CV)
1297,Model Y,42490.0,Negro,España,7000,217 kW (295 CV)
1298,Model Y,59990.0,Negro,España,32000,258 kW (351 CV)
1299,Model Y,42490.0,Negro,España,7000,217 kW (295 CV)
1300,Model Y,42490.0,Negro,España,7000,217 kW (295 CV)
1301,Model Y,42490.0,Negro,España,7000,217 kW (295 CV)
1302,Model Y,42490.0,Negro,España,7000,217 kW (295 CV)
1303,Model Y,42490.0,Negro,España,7000,217 kW (295 CV)
1304,Model Y,42490.0,Negro,España,7000,217 kW (295 CV)
1305,Model Y,48900.0,Negro,España,11900,258 kW (351 CV)
1306,Model Y,41990.0,Negro,Francia,28871,393 kW (534 CV)
1307,Model Y,42500.0,Negro,Francia,31000,350 kW (476 CV)
1308,Model Y,38800.0,Negro,Francia,89000,377 kW (513 CV)
1309,Model Y,41500.0,Negro,Francia,55000,350 kW (476 CV)
1310,Model Y,45490.0,Negro,Francia,15500,394 kW (536 CV)
1311,Model Y,59880.0,Negro,Francia,6500,390 kW (530 CV)
1312,Model Y,41990.0,Negro,Francia,60072,378 kW (514 CV)
1313,Model Y,41000.0,Negro,Francia,45000,220 kW (299 CV)
1314,Model Y,43000.0,Negro,Francia,31000,378 kW (514 CV)
1315,Model Y,46900.0,Negro,Francia,38000,11 kW (15 CV)
1316,Model Y,38800.0,Negro,Italia,70300,153 kW (208 CV)
1317,Model Y,46000.0,Negro,Italia,27000,393 kW (534 CV)
1318,Model Y,38800.0,Negro,Italia,38515,255 kW (347 CV)
1319,Model Y,35800.0,Negro,Italia,59216,88 kW (120 CV)
1320,Model Y,44500.0,Negro,Italia,20500,324 kW (441 CV)
1321,Model Y,44900.0,Negro,Italia,42800,155 kW (211 CV)
1322,Model Y,43000.0,Negro,Italia,90000,441 kW (600 CV)
1323,Model Y,45700.0,Negro,Italia,67000,155 kW (211 CV)
1324,Model Y,42500.0,Negro,Italia,45000,155 kW (211 CV)
1325,Model Y,44500.0,Negro,Italia,46000,377 kW (513 CV)
1326,Model Y,55800.0,Negro,Italia,1000,185 kW (252 CV)
1327,Model Y,48000.0,Negro,Italia,20000,153 kW (208 CV)
1328,Model Y,51900.0,Negro,Italia,8500,155 kW (211 CV)
1329,Model Y,45000.0,Negro,Italia,23000,153 kW (208 CV)
1330,Model Y,39400.0,Negro,Italia,17800,220 kW (299 CV)
1331,Model Y,51000.0,Negro,Italia,19000,393 kW (534 CV)
1332,Model Y,46800.0,Negro,Italia,56000,155 kW (211 CV)
1333,Model Y,49900.0,Negro,Italia,14000,155 kW (211 CV)
1334,Model Y,50990.0,Negro,Italia,20000,155 kW (211 CV)
1335,Model Y,41500.0,Negro,Italia,57800,153 kW (208 CV)
1336,Model Y,50000.0,Negro,Italia,50000,155 kW (211 CV)
1337,Model Y,48000.0,Negro,Italia,25000,368 kW (500 CV)
1338,Model Y,49900.0,Negro,Italia,13000,153 kW (208 CV)
1339,Model Y,45000.0,Negro,Italia,18000,153 kW (208 CV)
1340,Model Y,43000.0,Negro,Italia,60000,153 kW (208 CV)
1341,Model Y,46000.0,Negro,Italia,33000,153 kW (208 CV)
1342,Model Y,47000.0,Negro,Italia,40000,153 kW (208 CV)
1343,Model Y,55000.0,Negro,Italia,20000,155 kW (211 CV)
1344,Model Y,40000.0,Negro,Italia,2000,220 kW (299 CV)
1345,Model Y,36200.0,Negro,Italia,26000,88 kW (120 CV)
1346,Model Y,35900.0,Negro,Italia,45000,88 kW (120 CV)
1347,Model Y,20000.0,Negro,Italia,8000,88 kW (120 CV)
1348,Model Y,50900.0,Gris,España,5000,378 kW (514 CV)
1349,Model Y,35990.0,Gris,Francia,54000,379 kW (515 CV)
1350,Model Y,39999.0,Gris,Francia,29103,350 kW (476 CV)
1351,Model Y,41480.0,Gris,Francia,46600,258 kW (351 CV)
1352,Model Y,38000.0,Gris,Francia,70000,350 kW (476 CV)
1353,Model Y,59900.0,Gris,Francia,2500,353 kW (480 CV)
1354,Model Y,47990.0,Gris,Francia,36000,351 kW (477 CV)
1355,Model Y,42990.0,Gris,Francia,68000,338 kW (460 CV)
1356,Model Y,46990.0,Gris,Italia,5000,127 kW (173 CV)
1357,Model Y,51000.0,Gris,Italia,24000,155 kW (211 CV)
1358,Model Y,42500.0,Gris,Italia,42000,153 kW (208 CV)
1359,Model Y,43900.0,Gris,Italia,70000,153 kW (208 CV)
1360,Model Y,38000.0,Gris,Italia,32000,88 kW (120 CV)
1361,Model Y,52000.0,Gris,Italia,18000,380 kW (517 CV)
1362,Model Y,53400.0,Gris,Italia,32000,393 kW (534 CV)
1363,Model Y,44000.0,Gris,Italia,16000,153 kW (208 CV)
1364,Model Y,44500.0,Gris,Italia,12500,1.000 kW (1.360 CV)
